carat,cut,color,clarity,depth,table,price,x,y,z
0.79,Premium,D,SI1,61.4,59,3058,5.96,5.89,3.64
0.34,Premium,D,SI1,59.6,59,803,4.57,4.55,2.72
0.31,Ideal,D,VS2,62.5,56,942,4.36,4.34,2.72
0.96,Good,D,SI2,64,62,3419,6.16,6.13,3.93
0.5,Very Good,D,VS2,63.8,56,1580,5.05,5.08,3.23
1.01,Very Good,D,SI2,60.1,60,4690,6.41,6.47,3.87
1.29,Premium,D,SI2,59.4,62,6935,7.06,6.99,4.17
0.31,Premium,D,SI2,62.1,59,593,4.35,4.31,2.69
0.4,Premium,D,SI1,61.6,58,990,4.73,4.69,2.9
1.06,Premium,D,VS2,62.3,59,7541,6.48,6.52,4.05
0.25,Very Good,D,VVS2,63,56,512,3.98,4.02,2.52
0.7,Good,D,SI1,62.6,62,2546,5.61,5.64,3.52
1.04,Premium,D,VS2,62,60,6814,6.49,6.45,4.01
0.32,Ideal,D,SI1,62.6,55,756,4.39,4.36,2.74
0.91,Premium,D,VS2,62,58,5167,6.2,6.15,3.83
0.92,Good,D,SI2,57.8,63,3277,6.4,6.36,3.69
0.73,Ideal,D,VS2,60.7,57,4134,5.84,5.88,3.55
0.31,Ideal,D,SI1,61.5,56,571,4.33,4.35,2.67
1.05,Ideal,D,SI2,62.1,56,5156,6.48,6.54,4.04
0.41,Good,D,VS1,60.2,62,986,4.8,4.84,2.9
0.35,Very Good,D,VS1,63.9,55,792,4.49,4.53,2.88
0.3,Ideal,D,VS2,61,55,778,4.38,4.34,2.66
0.7,Very Good,D,SI1,61.1,57,2677,5.74,5.66,3.48
0.5,Premium,D,VS2,62.2,60,1431,5.15,5.05,3.17
0.51,Premium,D,VS2,60.5,60,1882,5.19,5.16,3.13
0.32,Ideal,D,SI1,62.7,54,589,4.37,4.4,2.75
0.53,Very Good,D,VS1,59.4,59,1907,5.25,5.32,3.14
0.32,Ideal,D,VS2,62.7,57,758,4.4,4.44,2.77
0.72,Ideal,D,SI2,61.8,56,2618,5.75,5.78,3.56
1.02,Ideal,D,SI1,61.2,56,6040,6.51,6.56,4
0.62,Ideal,D,VS1,61.9,57,2508,5.47,5.55,3.41
0.31,Good,D,SI2,63.6,54,593,4.34,4.31,2.75
1.06,Premium,D,SI1,61.1,59,6352,6.63,6.56,4.03
1,Premium,D,SI1,61.4,58,5775,6.37,6.43,3.93
0.92,Ideal,D,SI2,60.3,56,3997,6.32,6.35,3.82
0.92,Good,D,SI2,59,58,3936,6.31,6.36,3.74
0.31,Very Good,D,SI1,63.5,58,732,4.3,4.27,2.72
0.91,Ideal,D,SI1,62.1,55,5535,6.2,6.24,3.86
0.41,Premium,D,VVS2,61.8,58,1356,4.79,4.75,2.95
0.56,Ideal,D,VVS1,61.9,56,3496,5.32,5.28,3.28
0.24,Premium,D,VVS1,61.5,60,710,4,3.97,2.45
1.52,Very Good,D,VS2,63.4,59,14680,7.32,7.24,4.61
0.73,Ideal,D,VS2,61.9,56,3255,5.76,5.81,3.58
0.36,Ideal,D,VS2,61.7,55,1094,4.6,4.58,2.83
0.53,Ideal,D,VS2,62.1,55,1857,5.17,5.2,3.22
0.3,Ideal,D,VS2,62.3,53.9,762,4.3,4.32,2.69
0.93,Premium,D,SI2,62,56,4692,6.27,6.22,3.87
0.73,Very Good,D,SI1,63.6,57,2548,5.68,5.71,3.62
0.43,Ideal,D,SI1,62.5,55,774,4.8,4.83,3.01
0.41,Ideal,D,SI1,63,53,744,4.74,4.79,3
2.26,Very Good,D,SI2,61.6,61,18028,8.47,8.38,5.19
0.31,Ideal,D,VS2,61.2,55,942,4.42,4.37,2.69
0.83,Premium,D,SI1,61.3,58,2990,6.03,6,3.69
0.57,Ideal,D,VS2,62.1,56,1963,5.34,5.29,3.3
0.41,Ideal,D,SI1,61,57,1015,4.8,4.78,2.92
0.9,Very Good,D,VS2,58.8,61,4729,6.27,6.32,3.7
2.21,Ideal,D,SI2,62,57,16558,8.36,8.31,5.18
0.59,Very Good,D,VVS1,61.8,57,3234,5.37,5.41,3.33
0.5,Premium,D,VS2,61.2,60,1845,5.12,5.08,3.12
0.26,Good,D,VS2,65.2,56,403,3.99,4.02,2.61
1.04,Ideal,D,IF,61.8,57,14494,6.49,6.52,4.02
0.92,Good,D,SI1,63.1,58,4158,6.11,6.16,3.87
1.01,Very Good,D,SI2,62,59,4528,6.36,6.4,3.96
1.01,Very Good,D,SI2,60.3,57,4588,6.51,6.56,3.94
0.8,Ideal,D,SI2,61.9,54,3154,6,5.95,3.7
0.51,Ideal,D,VS2,61.9,57,1882,5.15,5.09,3.17
0.31,Ideal,D,SI1,62.3,54,732,4.37,4.33,2.71
1,Premium,D,SI1,61.5,60,5390,6.34,6.38,3.91
0.4,Good,D,SI2,63.8,54,622,4.7,4.73,3.01
0.52,Premium,D,SI1,59.7,60,1344,5.26,5.19,3.12
1.36,Ideal,D,SI2,61.2,57,6443,7.15,7.19,4.39
1.51,Fair,D,SI1,64.1,60,9293,7.18,7.11,4.58
0.7,Ideal,D,VS2,61.5,56,3129,5.7,5.74,3.52
0.51,Ideal,D,VS2,61.9,54,1660,5.14,5.17,3.19
0.7,Premium,D,SI1,62.6,58,2550,5.67,5.6,3.53
0.34,Ideal,D,SI1,60.1,57,803,4.56,4.52,2.73
0.31,Good,D,SI1,63.8,57,533,4.29,4.33,2.75
0.88,Ideal,D,SI2,62.2,56,3962,6.12,6.16,3.82
1.2,Premium,D,VS2,61.1,58,10161,6.85,6.83,4.18
0.41,Very Good,D,VVS2,61.2,55,1364,4.79,4.82,2.95
1.58,Ideal,D,SI2,62.5,55,11428,7.39,7.45,4.64
0.35,Ideal,D,SI1,62.3,55,827,4.56,4.52,2.83
0.31,Ideal,D,VS2,62.2,57,942,4.34,4.31,2.69
0.35,Ideal,D,VS2,60.5,56,707,4.6,4.63,2.79
0.43,Premium,D,VVS2,59.5,59,1159,4.95,4.97,2.95
2.11,Ideal,D,SI2,62.7,56,16404,8.25,8.18,5.14
1.01,Premium,D,VS1,62.4,58,8265,6.38,6.41,3.99
0.71,Ideal,D,SI1,60.8,57,3502,5.75,5.78,3.5
0.54,Premium,D,VS2,61.5,58,1993,5.26,5.21,3.22
0.72,Very Good,D,VS1,59.4,56,3619,5.85,5.9,3.49
0.76,Good,D,VS1,63.7,56,3950,5.81,5.77,3.69
0.31,Ideal,D,VS2,61.7,55,942,4.4,4.35,2.7
0.96,Good,D,SI1,61,61,4693,6.29,6.33,3.85
1,Premium,D,VS1,59.7,60,8124,6.45,6.42,3.84
0.6,Ideal,D,VS2,61.4,53,2473,5.45,5.5,3.36
0.3,Premium,D,VVS2,62.4,58,752,4.26,4.3,2.67
1,Good,D,SI2,64.3,60,3965,6.22,6.19,3.99
0.71,Ideal,D,SI2,61.3,57,2610,5.71,5.78,3.52
0.32,Ideal,D,VVS2,62.3,54,841,4.42,4.44,2.76
0.42,Very Good,D,SI1,63,57,756,4.77,4.81,3.02
1.5,Very Good,D,SI2,64,56,10730,7.17,7.23,4.61
0.51,Premium,D,VS2,62,60,1716,5.07,5.12,3.16
0.23,Premium,D,VS2,58.5,61,411,4.06,3.98,2.35
0.38,Very Good,D,VS2,58.7,61,871,4.74,4.77,2.79
0.23,Premium,D,VVS2,60.4,59,680,4,3.95,2.4
0.56,Ideal,D,IF,60.8,58,4632,5.35,5.31,3.24
0.3,Very Good,D,SI1,61,61,552,4.27,4.29,2.61
1,Very Good,D,VS2,59.8,60,7281,6.46,6.49,3.87
0.7,Fair,D,SI1,66.2,57,2550,5.56,5.41,3.63
0.7,Very Good,D,SI1,61,59,2409,5.67,5.7,3.47
0.44,Ideal,D,VS2,60.4,56,1155,4.95,4.91,2.98
0.3,Premium,D,SI1,60.6,60,709,4.32,4.3,2.61
0.58,Ideal,D,VS1,61.8,56,2211,5.34,5.37,3.31
1,Good,D,VS2,62.8,61,6189,6.31,6.34,3.97
2.57,Premium,D,SI2,58.9,58,17924,8.99,8.94,5.28
0.56,Premium,D,VS2,61.1,58,1963,5.3,5.34,3.25
0.52,Ideal,D,VVS2,60.4,57,2426,5.25,5.28,3.18
1.01,Good,D,SI1,63.1,60,5443,6.32,6.39,4.01
0.55,Premium,D,SI1,62.7,59,1698,5.25,5.22,3.28
0.31,Ideal,D,VS2,62,55,734,4.36,4.38,2.71
1.19,Ideal,D,SI2,60.4,55,5406,6.89,6.91,4.17
1.01,Fair,D,SI1,63.5,58,4751,6.35,6.25,4
0.73,Fair,D,SI2,65.5,60,2147,5.64,5.54,3.66
0.34,Very Good,D,VS2,60,59,730,4.5,4.56,2.72
0.64,Premium,D,SI1,62.3,58,2074,5.53,5.49,3.43
1.44,Very Good,D,VS2,63.1,56,10967,7.15,7.12,4.5
0.52,Premium,D,VVS1,58.8,61,2553,5.31,5.27,3.11
1.27,Very Good,D,SI1,62.5,58,8312,6.87,6.92,4.31
0.91,Very Good,D,SI1,63,59,4429,6.11,6.15,3.86
1.01,Very Good,D,I1,63.4,61,2291,6.38,6.3,4.02
0.33,Ideal,D,VS2,60.3,55,667,4.5,4.52,2.72
0.27,Ideal,D,VVS1,61.9,57,799,4.18,4.15,2.58
0.3,Premium,D,VS2,61.7,59,911,4.28,4.25,2.63
0.42,Premium,D,SI2,62.1,59,898,4.82,4.78,2.98
1.3,Ideal,D,SI1,62.2,56,9275,6.98,6.94,4.33
0.51,Ideal,D,VS2,61.2,55,1787,5.16,5.18,3.16
0.53,Ideal,D,VS1,61.6,56,2340,5.23,5.19,3.21
0.51,Very Good,D,SI1,63.5,56,1574,5.08,5.06,3.22
0.79,Premium,D,SI2,61.8,58,2735,5.95,5.89,3.66
0.5,Very Good,D,SI1,63.4,56,1354,5.01,5.06,3.19
0.46,Very Good,D,VS2,61.2,57,1321,4.96,5,3.05
1.03,Premium,D,VS1,59.6,61,6974,6.62,6.57,3.93
0.63,Ideal,D,SI1,62,56,1992,5.55,5.48,3.42
0.52,Ideal,D,VS2,62.6,56,1919,5.14,5.11,3.21
0.59,Ideal,D,SI1,61.6,57,1835,5.44,5.41,3.34
0.41,Ideal,D,VS2,61.6,55,1007,4.74,4.77,2.93
0.5,Premium,D,SI1,62.2,57,1654,5.11,5.08,3.17
0.31,Ideal,D,SI1,61.8,57,571,4.32,4.36,2.68
1.52,Very Good,D,SI2,59.1,58,9781,7.45,7.48,4.41
0.34,Premium,D,SI2,59.2,59,650,4.58,4.54,2.7
1.03,Ideal,D,SI2,60.7,55,4839,6.61,6.53,3.99
0.32,Very Good,D,VVS2,60,57,809,4.45,4.49,2.68
0.52,Ideal,D,VS2,61,57,1774,5.18,5.21,3.17
0.43,Very Good,D,SI2,63.1,59,858,4.81,4.8,3.03
1,Premium,D,VS2,59.6,60,6868,6.57,6.52,3.9
1,Premium,D,SI1,61.4,58,5096,6.4,6.34,3.91
0.96,Very Good,D,SI2,60.2,63,3419,6.36,6.3,3.81
0.4,Premium,D,SI1,61.7,58,772,4.7,4.74,2.91
0.46,Very Good,D,VVS1,61.6,59,1993,4.92,4.97,3.05
0.73,Ideal,D,SI1,61.4,56,2995,5.78,5.82,3.56
1.03,Good,D,SI1,64.3,58,4441,6.31,6.28,4.05
0.51,Ideal,D,VS1,61.6,57,1962,5.13,5.16,3.17
0.59,Ideal,D,SI1,61,57,1912,5.46,5.43,3.32
0.36,Ideal,D,VVS1,61.5,55,1718,4.61,4.63,2.84
0.31,Ideal,D,SI1,61.5,56,732,4.35,4.33,2.67
0.42,Premium,D,SI1,61.1,60,1040,4.83,4.79,2.94
0.36,Ideal,D,VS2,61.8,56,1094,4.6,4.56,2.83
0.31,Ideal,D,VS2,61.8,56,734,4.32,4.36,2.68
0.74,Good,D,SI1,63.1,59,2753,5.71,5.74,3.61
0.31,Ideal,D,VS2,61.5,56,942,4.37,4.34,2.68
0.53,Ideal,D,VS2,61.5,56,1956,5.23,5.17,3.2
0.34,Ideal,D,SI1,62,56,803,4.5,4.47,2.78
0.35,Ideal,D,SI2,62.2,56,669,4.55,4.52,2.82
0.43,Very Good,D,SI2,63.4,57,858,4.81,4.78,3.04
0.23,Very Good,D,VVS2,63.5,58,485,3.86,3.89,2.46
0.3,Premium,D,SI1,58.8,57,662,4.44,4.4,2.6
0.5,Very Good,D,SI1,58.5,60,1436,5.13,5.19,3.02
1.01,Good,D,SI2,65.1,57,4468,6.27,6.32,4.1
0.71,Fair,D,VS2,64.7,58,3077,5.61,5.58,3.62
0.75,Ideal,D,SI1,61.1,56,3712,5.85,5.9,3.59
0.74,Ideal,D,VS2,61.4,58,3668,5.8,5.83,3.57
0.7,Ideal,D,VVS2,60.9,59,3737,5.69,5.73,3.48
0.71,Premium,D,SI1,59.7,59,2913,5.8,5.82,3.47
0.25,Very Good,D,VVS2,59.5,56,696,4.14,4.19,2.48
0.9,Ideal,D,SI1,62.6,55,4819,6.1,6.16,3.84
0.72,Ideal,D,SI1,60.8,57,2782,5.76,5.75,3.5
0.67,Good,D,SI1,63.8,57,2258,5.53,5.48,3.51
0.7,Very Good,D,VS1,60.3,58,4095,5.76,5.79,3.48
0.43,Very Good,D,VS2,59.1,58,931,4.92,4.96,2.92
0.3,Good,D,VVS2,61.6,63,719,4.23,4.27,2.62
0.41,Ideal,D,VS1,61.8,57,1151,4.75,4.8,2.95
0.46,Ideal,D,VS2,62.7,57,1388,4.93,4.89,3.08
0.3,Ideal,D,VS2,62,56,911,4.35,4.33,2.69
1,Premium,D,SI2,60.8,60,4295,6.45,6.41,3.91
0.33,Premium,D,VS2,61.2,58,1002,4.44,4.41,2.71
1.16,Ideal,D,SI2,62.1,54,5793,6.74,6.79,4.2
0.3,Very Good,D,VS1,63.2,59,707,4.26,4.29,2.7
0.33,Very Good,D,SI1,62.8,55,608,4.41,4.45,2.78
0.6,Premium,D,SI2,62,57,1196,5.43,5.35,3.34
0.53,Premium,D,VS2,60.2,58,1904,5.26,5.23,3.16
1,Premium,D,SI1,59.6,57,5880,6.54,6.44,3.87
0.9,Very Good,D,VS2,60.9,62,4804,6.11,6.18,3.74
0.31,Ideal,D,VS2,59.4,57,685,4.45,4.5,2.66
0.71,Premium,D,VS2,62.1,60,2950,5.72,5.68,3.54
1.03,Very Good,D,SI1,61.8,57,5393,6.49,6.53,4.02
0.4,Ideal,D,SI1,59.6,57,990,4.82,4.77,2.86
0.52,Ideal,D,SI1,62.4,57,1600,5.14,5.18,3.22
0.5,Premium,D,VS2,61.1,58,1683,5.18,5.09,3.14
0.46,Ideal,D,VS1,61.6,57,1637,4.95,4.98,3.06
0.38,Ideal,D,VS1,62.4,56,1170,4.68,4.64,2.91
0.51,Very Good,D,VS2,63.5,56,1793,5.1,5.07,3.23
0.51,Good,D,SI2,63.8,56,1180,5.07,5.09,3.24
0.42,Ideal,D,VVS2,62.5,57,1389,4.8,4.77,2.99
0.23,Very Good,D,VVS2,62.5,58,530,3.92,3.95,2.46
1.04,Ideal,D,VVS2,60.9,57,11511,6.54,6.6,4
0.7,Fair,D,VS2,65.2,59,2560,5.58,5.55,3.63
1.01,Fair,D,VS2,65.6,61,6176,6.21,6.16,4.06
0.32,Ideal,D,VS2,62.6,55,758,4.37,4.39,2.74
1.03,Very Good,D,SI2,63.7,56,4580,6.32,6.39,4.05
0.5,Premium,D,SI1,62.2,58,1272,5.08,5.12,3.17
1.01,Premium,D,SI2,58,60,3604,6.58,6.53,3.8
0.34,Premium,D,VS2,60.4,60,805,4.51,4.56,2.74
0.4,Good,D,SI2,63.8,54,798,4.73,4.7,3.01
1.04,Very Good,D,SI2,62.9,58,5265,6.41,6.47,4.05
1,Ideal,D,SI2,62.7,58,5246,6.34,6.39,3.99
1.12,Ideal,D,VS1,61.1,57,9694,6.68,6.75,4.1
0.5,Good,D,SI1,62.9,59,1436,4.94,5.01,3.13
1.01,Ideal,D,SI2,62,57,4242,6.42,6.38,3.97
0.31,Ideal,D,VS2,62.2,56,734,4.32,4.33,2.69
0.41,Ideal,D,SI1,61.3,56,722,4.8,4.82,2.95
0.3,Very Good,D,VS2,62.9,59,710,4.22,4.27,2.67
0.37,Ideal,D,VVS2,62.4,56,857,4.56,4.64,2.87
0.32,Very Good,D,VS2,62.9,59,657,4.36,4.39,2.75
0.51,Very Good,D,SI2,62.8,57,1264,5.1,5.12,3.21
0.5,Ideal,D,VS2,60.7,57,1854,5.12,5.22,3.14
0.41,Premium,D,VVS2,61.9,59,1105,4.75,4.78,2.95
0.55,Ideal,D,SI1,60.6,56,1692,5.27,5.32,3.21
0.32,Ideal,D,SI1,60.9,56,589,4.4,4.43,2.69
0.73,Ideal,D,VVS2,62,53.6,4547,5.76,5.8,3.59
0.52,Ideal,D,VS2,62.3,56,1919,5.16,5.11,3.2
0.32,Ideal,D,VS2,61.9,55,758,4.39,4.43,2.73
0.53,Very Good,D,SI2,62.9,54,1314,5.13,5.17,3.24
0.54,Premium,D,SI1,62.3,60,1715,5.22,5.18,3.24
0.61,Very Good,D,VVS2,59.6,57,2763,5.56,5.58,3.32
0.38,Ideal,D,VVS2,61.2,57,1289,4.66,4.68,2.86
1.01,Premium,D,VS1,62.1,58,7575,6.4,6.37,3.97
1.07,Very Good,D,SI2,62.6,61,4861,6.42,6.49,4.04
0.9,Very Good,D,SI1,61.2,60,4381,6.14,6.19,3.77
0.5,Ideal,D,VS2,61.2,55,1808,5.12,5.07,3.12
0.3,Very Good,D,VS1,59.4,60,661,4.34,4.38,2.59
0.5,Premium,D,VS2,62.1,58,1752,5.03,5.08,3.14
0.5,Good,D,VS1,60.9,62,1657,5.05,5.06,3.08
0.92,Very Good,D,SI1,62.9,56,4676,6.18,6.22,3.9
0.54,Ideal,D,VS2,61.8,56,1993,5.24,5.21,3.23
0.31,Very Good,D,SI1,62.9,57,571,4.27,4.32,2.7
1.03,Good,D,SI1,60.1,62,5088,6.55,6.53,3.93
0.32,Ideal,D,SI1,62.1,54,715,4.4,4.45,2.75
1,Fair,D,SI2,64.8,60,3304,6.23,6.18,4.02
0.7,Good,D,SI1,64.2,60,2298,5.59,5.62,3.6
0.3,Very Good,D,VS1,62.1,58,742,4.25,4.29,2.65
0.51,Ideal,D,SI1,62.8,56,1687,5.09,5.07,3.19
1,Premium,D,SI2,61.6,60,4758,6.37,6.33,3.91
1.35,Ideal,D,VS2,61.3,57,10796,7.13,7.09,4.36
1.01,Very Good,D,SI1,59.1,61,4821,6.46,6.5,3.83
1.51,Very Good,D,SI2,61.7,59,10546,7.28,7.35,4.51
0.71,Premium,D,VS2,62.5,60,2770,5.65,5.61,3.52
0.31,Very Good,D,SI2,62.9,54,462,4.3,4.35,2.72
0.3,Ideal,D,SI1,62.1,54,552,4.31,4.35,2.69
0.38,Very Good,D,VVS2,60.8,55,944,4.67,4.71,2.85
0.4,Ideal,D,VS2,61.6,55,1226,4.75,4.79,2.94
0.41,Premium,D,VVS2,62.2,58,1181,4.8,4.78,2.98
1.13,Ideal,D,VS1,61.4,55,9448,6.72,6.74,4.13
0.41,Premium,D,VVS1,62.2,58,1413,4.77,4.71,2.95
0.31,Ideal,D,VS1,60.1,57,913,4.39,4.4,2.64
0.5,Ideal,D,SI2,62.3,54,1250,5.11,5.06,3.17
0.39,Ideal,D,VS1,61.9,57,1095,4.69,4.71,2.91
0.31,Ideal,D,SI1,61.5,55,692,4.38,4.4,2.7
0.5,Ideal,D,VVS2,60.4,54,2100,5.17,5.23,3.14
1,Premium,D,SI1,59.5,60,5488,6.49,6.42,3.84
0.28,Ideal,D,VVS1,61.7,57,608,4.2,4.23,2.6
1.02,Ideal,D,SI2,61.4,56,4946,6.42,6.57,3.99
0.92,Very Good,D,VVS2,62.8,58,7150,6.11,6.22,3.87
0.41,Ideal,D,SI1,60.5,57,744,4.81,4.85,2.92
0.39,Very Good,D,VVS1,63,60,1092,4.61,4.63,2.91
1.2,Very Good,D,SI2,63.1,57,5373,6.68,6.75,4.24
0.4,Premium,D,SI2,62.2,58,666,4.71,4.75,2.94
0.35,Premium,D,VS2,59.7,58,1063,4.61,4.57,2.74
0.61,Ideal,D,VVS1,62.3,54,3625,5.4,5.45,3.38
0.53,Ideal,D,SI1,62,57,1683,5.23,5.19,3.23
0.6,Premium,D,VS2,62.8,59,2037,5.39,5.35,3.37
0.3,Good,D,SI1,63.1,56,515,4.24,4.28,2.69
0.39,Very Good,D,VVS2,61.4,59,1056,4.69,4.73,2.89
0.5,Very Good,D,SI2,61.9,56,1167,5.09,5.14,3.16
0.51,Ideal,D,VS1,61.6,57,2066,5.16,5.13,3.17
0.41,Ideal,D,VS2,62.4,55,1076,4.79,4.76,2.98
0.52,Ideal,D,SI1,62.9,56,1605,5.16,5.11,3.23
1.18,Fair,D,SI2,57,66,3899,6.96,6.91,3.98
1.04,Very Good,D,VS1,62.3,59,8192,6.39,6.48,4.01
0.71,Very Good,D,VS2,63,58,3096,5.65,5.68,3.57
0.76,Premium,D,VS1,60.6,58,3894,5.95,5.89,3.59
0.23,Very Good,D,VVS2,62.5,58,492,3.89,3.92,2.44
1.54,Premium,D,SI1,63,59,13316,7.35,7.31,4.62
0.61,Ideal,D,VS2,62,56,2202,5.43,5.48,3.38
0.59,Ideal,D,SI1,61.6,57,1743,5.41,5.44,3.34
0.51,Ideal,D,VVS2,61.7,56,2742,5.16,5.14,3.18
0.9,Ideal,D,SI1,62.4,55,5656,6.15,6.19,3.85
0.9,Premium,D,SI2,61,61,3312,6.17,6.15,3.76
0.32,Ideal,D,VVS2,61.3,55.8,1048,4.43,4.44,2.71
0.3,Ideal,D,SI1,62.2,56,552,4.25,4.3,2.66
0.75,Premium,D,SI2,61.3,59,1858,5.88,5.83,3.59
0.53,Ideal,D,VS2,61.2,57,1857,5.2,5.26,3.2
1.3,Premium,D,SI2,60.2,59,7130,7.05,7,4.23
0.32,Ideal,D,VS1,61.4,57,814,4.4,4.43,2.71
2,Good,D,VS2,63.7,60,17760,7.88,7.81,5
1.06,Very Good,D,SI1,59.3,60,6062,6.64,6.71,3.96
0.72,Premium,D,SI2,62,60,2795,5.73,5.69,3.54
0.54,Very Good,D,VS2,60.5,59,1885,5.24,5.28,3.18
0.55,Very Good,D,VS2,62.2,60,1796,5.2,5.25,3.25
1.02,Premium,D,SI2,59.7,60,5198,6.58,6.55,3.92
0.32,Ideal,D,VS2,62.2,55,758,4.37,4.41,2.73
1.14,Very Good,D,SI2,59.2,61,4957,6.82,6.84,4.04
1.2,Ideal,D,VS2,61.4,55,9424,6.78,6.87,4.19
1.02,Ideal,D,SI1,62.2,56,6340,6.43,6.47,4
0.53,Very Good,D,VS2,63.2,56,1601,5.1,5.15,3.24
0.51,Premium,D,VS2,62,59,1807,5.12,5.08,3.16
0.39,Ideal,D,SI2,61.6,56,651,4.69,4.72,2.9
0.9,Fair,D,SI2,65.7,60,3205,5.98,5.93,3.91
1.27,Premium,D,SI1,62.5,58,8463,6.92,6.87,4.31
0.53,Ideal,D,VS2,60.9,57,1877,5.24,5.17,3.17
0.38,Ideal,D,VVS2,61.3,56,1257,4.73,4.63,2.87
0.3,Ideal,D,VS2,62.3,56,911,4.32,4.29,2.68
0.75,Very Good,D,SI1,61.8,57,3048,5.78,5.81,3.58
0.54,Very Good,D,SI1,62.1,58,1662,5.21,5.23,3.24
0.59,Ideal,D,SI2,62.4,58,1419,5.35,5.39,3.35
0.41,Ideal,D,VVS2,62.3,55,1295,4.76,4.77,2.97
0.7,Ideal,D,SI1,61.6,57,3471,5.69,5.74,3.52
1,Premium,D,SI1,62.1,58,5488,6.45,6.34,3.97
1,Good,E,SI2,63.7,61,3819,6.27,6.32,4.01
0.51,Ideal,E,VS2,61.7,53,1590,5.18,5.2,3.2
0.41,Good,E,SI1,63.5,55,654,4.73,4.75,3.01
0.4,Very Good,E,SI2,63.1,57,798,4.72,4.7,2.97
0.53,Ideal,E,VS2,62,56,1956,5.29,5.2,3.25
0.71,Premium,E,VVS1,62.5,57,3831,5.67,5.62,3.53
0.83,Very Good,E,SI1,63.5,58,3365,5.93,5.98,3.78
0.51,Ideal,E,SI1,62,55,1343,5.12,5.14,3.18
1,Premium,E,VS2,59.9,59,6272,6.45,6.38,3.84
0.33,Ideal,E,VS2,61.8,55,928,4.48,4.45,2.76
0.3,Ideal,E,SI2,62,54,401,4.33,4.35,2.69
1.06,Premium,E,VS2,61.4,60,7123,6.57,6.53,4.02
0.52,Ideal,E,VS2,61.1,57,1689,5.18,5.2,3.17
1.1,Ideal,E,SI2,61.6,56,5082,6.61,6.64,4.08
1.01,Good,E,SI1,63.2,59,5411,6.27,6.35,3.99
0.4,Good,E,SI1,63.7,56,882,4.69,4.66,2.98
1.01,Ideal,E,VS2,59.3,57,7240,6.57,6.51,3.88
0.75,Very Good,E,SI2,60.9,59,2383,5.83,5.9,3.57
0.26,Good,E,IF,59.6,61,597,4.13,4.16,2.47
1,Very Good,E,VS2,59.4,59,6377,6.44,6.46,3.83
0.52,Ideal,E,VS2,61.1,55,1689,5.2,5.27,3.2
1.5,Very Good,E,VS2,62.9,56,13892,7.31,7.22,4.57
0.3,Ideal,E,VS2,62,55,658,4.25,4.3,2.65
0.27,Ideal,E,VVS2,61.8,57,622,4.12,4.16,2.56
1.22,Ideal,E,SI2,62.7,57,6343,6.84,6.81,4.28
0.31,Ideal,E,VS1,61.6,55,722,4.39,4.41,2.71
0.41,Premium,E,VS2,59.8,60,935,4.83,4.87,2.9
0.28,Very Good,E,VVS2,61,57,707,4.22,4.25,2.58
0.6,Premium,E,VS2,62.7,58,1915,5.37,5.34,3.36
1,Premium,E,SI2,61.7,58,4620,6.34,6.39,3.93
0.53,Ideal,E,VS1,60.9,57,1827,5.25,5.19,3.18
0.34,Ideal,E,SI1,60.4,57,723,4.53,4.55,2.74
1.03,Ideal,E,VVS2,61.7,56,11611,6.49,6.51,4.01
0.3,Very Good,E,VS2,61.9,61,658,4.28,4.32,2.66
0.33,Ideal,E,IF,62.1,55,1289,4.43,4.46,2.76
1.36,Premium,E,SI2,61.1,58,7677,7.21,7.13,4.38
0.75,Premium,E,VS2,62.1,57,3024,5.9,5.79,3.63
0.3,Ideal,E,VS2,61.4,56,795,4.32,4.34,2.66
0.25,Very Good,E,VS2,63.3,60,404,4,4.03,2.54
0.44,Very Good,E,SI1,63.2,53,970,4.87,4.84,3.07
0.39,Ideal,E,VS2,60.4,56,985,4.73,4.7,2.85
0.9,Very Good,E,VS2,61.1,63,4134,6.17,6.2,3.78
0.33,Ideal,E,VS1,62.3,53.8,771,4.42,4.44,2.76
0.6,Very Good,E,VS2,62.9,59,2085,5.34,5.38,3.37
0.5,Fair,E,SI1,66.5,58,1098,4.87,4.9,3.25
0.7,Ideal,E,VS2,62.1,54,2839,5.69,5.72,3.54
0.53,Good,E,SI1,63.1,56,1355,5.15,5.19,3.26
0.27,Ideal,E,VVS2,62,55,622,4.12,4.14,2.56
0.31,Very Good,E,SI1,62.8,57,544,4.32,4.34,2.72
0.52,Very Good,E,SI2,61.8,54,1120,5.15,5.18,3.19
0.52,Ideal,E,SI1,61.4,57,1429,5.18,5.15,3.17
0.5,Premium,E,SI2,62.4,59,1097,5.09,5,3.15
0.39,Ideal,E,VS2,61.4,55,734,4.76,4.81,2.94
0.32,Ideal,E,VS2,62,54,900,4.41,4.37,2.72
1.02,Very Good,E,VS2,59.2,58,6612,6.52,6.58,3.88
1.02,Very Good,E,VS1,58.9,59,7253,6.52,6.65,3.88
1.01,Premium,E,SI2,59.6,61,4434,6.59,6.56,3.92
0.73,Ideal,E,SI1,61.5,56,3453,5.79,5.82,3.57
2,Premium,E,SI2,61.8,56,18426,8.12,8.05,5
0.31,Ideal,E,SI1,62.4,57,698,4.34,4.31,2.7
0.32,Ideal,E,VVS2,60.8,57,1080,4.46,4.42,2.7
0.3,Ideal,E,VS2,62.1,55,658,4.28,4.32,2.67
1,Good,E,VS1,60,65,7190,6.48,6.43,3.87
0.76,Ideal,E,VVS1,62.2,55,5056,5.86,5.82,3.63
0.93,Ideal,E,SI2,62.1,55,3990,6.27,6.29,3.9
1.64,Ideal,E,SI1,60.7,55,9801,7.67,7.64,4.65
0.3,Fair,E,VS1,56.3,62,640,4.47,4.49,2.52
0.71,Good,E,SI2,62.2,56,2390,5.63,5.66,3.51
0.37,Very Good,E,VS1,62,56,925,4.59,4.63,2.86
1.5,Premium,E,VS1,62.5,58,16169,7.28,7.21,4.53
0.41,Premium,E,SI1,61.5,61,904,4.78,4.75,2.93
0.51,Ideal,E,SI1,61.7,56,1732,5.13,5.17,3.18
1.58,Ideal,E,VS2,62.7,56,15721,7.55,7.45,4.7
0.26,Ideal,E,VS1,62.1,56,556,4.09,4.12,2.55
1.04,Ideal,E,SI2,62,55,4892,6.51,6.48,4.03
0.7,Ideal,E,VS2,61.5,56,2940,5.73,5.68,3.51
0.71,Premium,E,SI1,62.7,56,2743,5.71,5.64,3.56
1.24,Premium,E,SI1,58.5,60,5775,7.08,7.01,4.11
0.4,Ideal,E,SI2,61.8,55.2,679,4.75,4.77,2.94
0.33,Ideal,E,VS1,61.6,56,1002,4.46,4.43,2.74
0.38,Ideal,E,SI1,62.1,55,685,4.64,4.67,2.89
0.97,Premium,E,SI1,61,61,4915,6.32,6.28,3.84
0.44,Ideal,E,VVS2,60.9,57,1334,4.95,4.9,3
0.73,Very Good,E,SI1,57.7,61,2844,5.92,5.96,3.43
0.32,Ideal,E,VS2,61.9,55,900,4.43,4.42,2.74
0.61,Very Good,E,SI1,60.1,59,1721,5.48,5.51,3.3
0.3,Premium,E,VS2,62.1,58,658,4.29,4.31,2.67
0.7,Good,E,SI2,57.5,58,2229,5.8,5.85,3.35
1.01,Good,E,SI1,63.6,60,5226,6.38,6.32,4.04
0.4,Ideal,E,VS2,62.2,55,1090,4.71,4.77,2.95
0.9,Very Good,E,SI1,63.1,61,4092,6.18,6.14,3.89
0.3,Premium,E,VS2,59.9,59,844,4.38,4.33,2.61
1.01,Ideal,E,SI2,61.1,57,4751,6.52,6.48,3.97
0.24,Ideal,E,VVS2,61.7,58,526,3.96,4.01,2.46
0.65,Premium,E,SI2,62.6,59,1827,5.54,5.49,3.45
0.75,Ideal,E,SI1,60.8,56,3045,5.91,5.89,3.59
1.83,Very Good,E,SI2,62.8,56,13134,7.76,7.82,4.89
0.71,Very Good,F,SI2,63.2,57,2397,5.66,5.7,3.59
1.01,Very Good,F,SI2,59.5,57,3709,6.61,6.66,3.95
1.53,Premium,F,SI1,62,56,11370,7.47,7.39,4.61
1.06,Ideal,F,SI1,61.2,55,4862,6.62,6.57,4.03
0.9,Good,F,SI2,61.9,59,4013,6.09,6.12,3.78
0.71,Ideal,F,VS1,62.7,57,3041,5.66,5.7,3.56
0.33,Ideal,F,SI2,62.3,55,450,4.44,4.49,2.78
1.27,Ideal,F,VS2,61,54,10656,7,7.02,4.28
1.2,Ideal,F,VS1,62.1,58,10367,6.78,6.84,4.23
0.48,Very Good,F,VVS1,62.3,55,1914,5.02,5.05,3.13
1.01,Very Good,F,VVS2,61.8,55,8532,6.36,6.45,3.96
1.05,Premium,F,SI1,60.3,60,5557,6.66,6.54,3.98
1.01,Very Good,F,VVS1,62.8,58,9243,6.35,6.39,4
0.9,Good,F,VS2,63.6,59,4309,6.06,6.11,3.87
0.28,Ideal,F,IF,62.4,55,646,4.17,4.2,2.61
0.5,Premium,F,VS2,62.3,58,1436,5.02,5.06,3.14
1.28,Very Good,F,SI2,62.5,55,5223,6.91,7,4.35
1.51,Good,F,SI2,63.8,59,8245,7.22,7.18,4.59
0.7,Ideal,F,SI1,61.9,57,2230,5.66,5.75,3.53
0.55,Ideal,F,VVS1,60.6,57,2716,5.33,5.36,3.24
1.5,Premium,F,VS2,61.1,58,14199,7.36,7.33,4.49
0.55,Very Good,F,VS2,62.5,56,1625,5.23,5.27,3.28
0.53,Premium,F,SI1,62.2,58,1266,5.19,5.16,3.22
1.11,Premium,F,VS2,63,56,6589,6.62,6.49,4.15
0.9,Very Good,F,SI2,60.3,57,3519,6.27,6.34,3.8
1.75,Ideal,F,SI2,62.9,57,11113,7.71,7.59,4.81
1.6,Very Good,F,SI2,60.5,60,8377,7.52,7.55,4.56
0.23,Very Good,F,VVS2,61.2,55,505,3.97,4.01,2.44
0.72,Ideal,F,SI2,61.2,54,2422,5.81,5.86,3.57
1.27,Ideal,F,VS2,61,59,9547,6.96,6.98,4.25
0.72,Premium,F,VS2,60.8,58,2530,5.78,5.74,3.5
0.9,Good,F,VS2,64.3,57,4617,6.07,6.09,3.91
1.02,Ideal,F,SI2,61.6,56,4684,6.52,6.49,4.01
1.01,Very Good,F,VS2,63.1,60,6271,6.39,6.29,4
0.53,Ideal,F,VS1,61.4,57,1800,5.18,5.2,3.19
0.32,Ideal,F,VVS2,61.6,55,945,4.41,4.42,2.72
1.02,Very Good,F,IF,62.5,58,10967,6.39,6.54,4.04
0.7,Ideal,F,SI1,61.2,55,3119,5.74,5.76,3.52
0.51,Very Good,F,SI1,62,54,1265,5.15,5.18,3.2
1.3,Ideal,F,SI2,62.2,56,6559,7,6.96,4.34
1.01,Good,F,SI1,63.9,59,5309,6.29,6.32,4.03
1.02,Ideal,F,VS2,62.8,57,7037,6.41,6.36,4.01
0.36,Ideal,F,VVS2,61.5,56,896,4.58,4.61,2.82
0.3,Ideal,F,VS2,62.2,55,573,4.3,4.32,2.68
0.58,Very Good,F,SI1,62.2,57,1440,5.32,5.36,3.32
1.05,Ideal,F,VS2,61.6,54,6810,6.54,6.58,4.04
1.21,Premium,F,SI2,62.4,60,4310,6.77,6.73,4.21
0.41,Premium,F,VS2,60.3,60,1107,4.84,4.81,2.91
0.41,Ideal,F,VS1,62.3,55,1007,4.77,4.79,2.98
0.23,Ideal,F,VS2,61.5,55,498,3.93,3.97,2.43
0.31,Ideal,F,IF,61.2,56,921,4.37,4.42,2.69
0.54,Ideal,F,SI1,61.5,55,1260,5.23,5.28,3.23
2.08,Premium,F,SI2,62,60,13437,8.15,8.1,5.04
0.36,Premium,F,VS1,60.7,58,789,4.57,4.62,2.79
1.08,Premium,F,SI2,59.9,58,3931,6.75,6.66,4.01
0.76,Ideal,F,SI1,62.6,57,2719,5.84,5.89,3.67
0.97,Good,F,SI2,59.1,62,4182,6.49,6.54,3.85
0.4,Premium,F,VS1,62.9,58,1050,4.71,4.67,2.95
1.21,Very Good,F,VS2,63.5,58,7826,6.76,6.73,4.28
0.25,Premium,F,IF,61.1,58,576,4.08,4.1,2.5
0.91,Premium,F,SI2,61,51,3546,6.24,6.21,3.8
1.01,Premium,F,VS2,61.5,58,6244,6.41,6.46,3.96
0.5,Premium,F,VS2,60.6,59,1433,5.13,5.03,3.08
0.43,Ideal,F,VVS2,61.8,57,1169,4.83,4.85,2.99
0.24,Very Good,F,VS1,59.9,58,419,4.02,4.06,2.42
1,Premium,F,SI1,62.9,57,4586,6.37,6.32,3.99
0.34,Ideal,F,SI2,60.1,56,447,4.54,4.55,2.73
0.56,Good,F,VS1,59.1,62,1712,5.36,5.42,3.19
0.72,Premium,F,VS2,61.5,58,2646,5.73,5.69,3.51
1.02,Premium,F,SI2,63,58,4238,6.44,6.38,4.04
1.02,Premium,F,VS1,62.8,58,7677,6.44,6.4,4.03
1.52,Ideal,F,SI1,62,54,12071,7.36,7.44,4.59
0.51,Fair,F,VS2,61,66,1334,5.12,5.04,3.1
1.03,Premium,F,VS2,62,58,6484,6.5,6.46,4.02
0.4,Very Good,F,SI1,63.1,58,882,4.69,4.66,2.95
0.63,Very Good,F,VS2,63,56.2,2032,5.38,5.48,3.42
0.42,Ideal,F,SI1,61.6,56,886,4.83,4.81,2.97
0.4,Good,F,I1,63.3,60.4,491,4.64,4.68,2.95
0.92,Fair,F,SI2,65.1,58,3282,6.12,6.07,3.97
1.01,Very Good,F,VS2,59.1,59,6196,6.58,6.65,3.91
0.37,Very Good,F,SI1,62.4,59,616,4.56,4.6,2.86
0.38,Ideal,F,SI1,61.8,55,640,4.66,4.69,2.89
0.25,Good,F,VS1,63.6,57,558,4.04,4.01,2.56
0.39,Ideal,F,SI1,61.8,57,697,4.68,4.73,2.91
0.36,Premium,F,SI1,62.3,59,770,4.56,4.5,2.82
0.61,Very Good,F,VVS2,60.5,58.5,2274,5.44,5.64,3.34
1.5,Very Good,F,VS2,62.6,59,12870,7.22,7.31,4.55
1,Very Good,F,SI1,58.1,63,4586,6.45,6.36,3.72
0.78,Ideal,F,SI1,61.1,56,2923,5.94,5.98,3.64
1.07,Ideal,F,SI1,61.9,56,5264,6.55,6.61,4.07
0.9,Good,F,VS1,62.8,57,4770,6.04,6.1,3.81
0.44,Ideal,F,SI1,61,57,1040,4.91,4.89,2.99
1.5,Very Good,F,SI1,63,56,10479,7.28,7.32,4.6
1.02,Premium,F,VS1,61.9,59,7389,6.44,6.38,3.97
1.02,Premium,F,SI1,62.2,58,5089,6.4,6.46,4
0.39,Premium,F,VS2,58.8,59,1053,4.83,4.8,2.83
0.58,Ideal,F,SI1,62.2,57,1705,5.37,5.33,3.33
0.56,Ideal,F,VS2,62.1,57,1814,5.29,5.28,3.28
0.52,Fair,F,VS1,57.2,59,1784,5.35,5.39,3.07
1,Good,F,SI1,63.8,57,4844,6.21,6.29,3.99
0.41,Premium,F,SI1,61.8,58,969,4.76,4.75,2.94
0.3,Ideal,F,VS1,61.7,56,570,4.32,4.34,2.67
0.75,Ideal,F,SI2,59.2,60,2248,5.87,5.92,3.49
0.25,Very Good,F,VVS2,59.4,57,575,4.1,4.12,2.44
0.42,Premium,F,VVS2,61.7,59,1221,4.82,4.78,2.96
0.53,Ideal,F,SI1,61.6,54,1284,5.23,5.25,3.23
0.3,Ideal,F,VS1,61.9,55.1,652,4.31,4.34,2.68
1.5,Premium,F,VS1,62.6,58,14918,7.31,7.26,4.56
0.91,Good,F,VVS2,64,61,5317,6.06,6.13,3.9
0.32,Ideal,F,IF,61.6,56,929,4.43,4.47,2.74
0.3,Ideal,F,VS2,62.7,57,776,4.31,4.27,2.69
0.7,Ideal,F,SI1,61.8,58,2343,5.7,5.75,3.54
1.2,Very Good,F,VS2,62.9,57,9331,6.78,6.71,4.24
0.39,Very Good,F,VS2,62.1,59,716,4.69,4.71,2.92
0.38,Ideal,F,VVS2,60.8,58,963,4.69,4.72,2.86
0.23,Very Good,F,VVS1,62.8,54,583,3.92,3.94,2.47
0.31,Premium,F,VS2,59.7,60,802,4.42,4.39,2.63
0.44,Premium,F,VVS2,61.6,58,1253,4.89,4.85,3
2,Good,F,SI1,63,64,17869,7.67,7.76,4.86
0.39,Very Good,F,VVS1,60.8,57,1107,4.72,4.75,2.88
1,Very Good,F,SI1,61.4,62,4851,6.32,6.36,3.89
0.36,Ideal,F,VS1,60.1,56,862,4.65,4.69,2.8
0.53,Ideal,F,VS2,61.9,55,1621,5.2,5.23,3.23
1.21,Premium,F,SI2,59,60,5982,6.94,6.99,4.11
0.7,Premium,F,VS2,62.2,59,2648,5.68,5.64,3.52
0.77,Very Good,F,VVS2,63.5,59,3415,5.77,5.72,3.65
0.3,Ideal,F,VS1,62.6,57,570,4.29,4.34,2.7
0.31,Ideal,F,VS2,60.8,57,802,4.39,4.36,2.66
0.52,Ideal,F,SI1,61.8,55,1624,5.19,5.15,3.2
0.3,Ideal,F,VS2,62.4,57,565,4.29,4.33,2.69
1.51,Ideal,F,SI1,63,57,11035,7.29,7.25,4.58
1.01,Fair,F,VS2,69,61,6041,6.06,5.99,4.16
0.31,Very Good,F,VVS1,62.4,57,897,4.3,4.32,2.69
0.25,Very Good,F,VVS1,61.8,55,633,4.06,4.09,2.52
0.6,Very Good,F,VS2,60.8,56,2270,5.45,5.48,3.32
1.09,Very Good,F,SI2,58.5,59,4113,6.75,6.8,3.96
2,Very Good,F,SI1,63.3,56,15851,8,7.93,5.04
1.02,Premium,F,SI2,61.5,58,4459,6.42,6.49,3.97
0.93,Premium,F,SI1,61.1,59,4182,6.32,6.29,3.85
1.01,Good,F,SI1,63.5,57,4549,6.29,6.33,4.01
0.51,Ideal,F,VS2,60.6,56,1569,5.17,5.19,3.14
1,Good,F,VS2,64,59,5864,6.29,6.25,4.03
0.4,Good,F,VVS1,59.2,64,1287,4.8,4.83,2.85
1.26,Ideal,F,SI2,62.7,58,6277,6.91,6.87,4.32
1.6,Premium,F,SI2,61.8,57,6899,7.51,7.46,4.63
0.56,Ideal,F,VS1,61.7,56,2016,5.32,5.28,3.27
2.06,Very Good,F,I1,58.7,61,9789,8.31,8.33,4.88
1.2,Ideal,F,SI1,61.5,53,7463,6.87,6.9,4.24
0.53,Ideal,F,VS1,61.7,55,2046,5.18,5.22,3.21
0.3,Premium,F,VVS1,62,59,868,4.24,4.28,2.64
1.2,Very Good,F,VS2,61.1,58,8232,6.82,6.86,4.18
0.24,Ideal,F,VS2,61.2,57,419,4.04,4.06,2.48
1.01,Good,F,SI1,63.4,55,4339,6.35,6.42,4.05
0.67,Fair,F,SI1,56,67,1642,5.81,5.78,3.25
1.05,Ideal,F,SI2,61.9,56,5347,6.48,6.5,4.02
1.14,Premium,F,VS2,62,59,7275,6.71,6.64,4.14
0.28,Ideal,F,IF,62.6,53,787,4.18,4.19,2.62
1.04,Very Good,F,SI2,63.2,58,4013,6.39,6.34,4.02
0.32,Ideal,F,VS2,62.2,55,828,4.37,4.35,2.71
0.35,Ideal,F,SI1,61.5,54,607,4.57,4.6,2.82
0.37,Good,F,SI1,63.7,55,738,4.59,4.55,2.91
0.81,Premium,F,SI1,61.9,58,3004,5.99,5.96,3.7
0.3,Very Good,F,SI2,61.7,62,394,4.25,4.27,2.63
0.79,Ideal,F,SI1,61.3,56,3163,5.96,6.01,3.67
0.23,Very Good,F,VS2,61,59,402,3.95,3.99,2.42
0.9,Good,F,SI1,64.2,56,4232,6.02,6.1,3.89
1.03,Premium,F,VVS2,61.3,57,8527,6.53,6.49,3.99
0.36,Ideal,F,IF,61.4,56,1063,4.57,4.61,2.82
1.32,Very Good,F,IF,62.4,58,14842,6.97,7.01,4.36
1,Good,F,SI2,60.6,62,3672,6.36,6.45,3.88
0.33,Ideal,F,VVS1,62.6,54,880,4.44,4.47,2.79
1.02,Good,F,SI1,64.3,58,4936,6.28,6.32,4.05
0.3,Premium,F,IF,61.6,58,846,4.3,4.34,2.66
0.5,Premium,F,SI2,62.2,54,1094,5.14,5.08,3.18
0.35,Premium,F,SI1,60.2,58,583,4.54,4.6,2.75
1.22,Very Good,F,VS2,62.3,57,8575,6.8,6.84,4.25
0.7,Very Good,F,VS2,61.7,63,2762,5.64,5.61,3.47
1.33,Fair,F,I1,62,56,4698,7.05,7.01,4.36
1.01,Very Good,F,SI2,60,59,4416,6.48,6.61,3.93
1.06,Ideal,F,VVS2,61.1,57,8776,6.62,6.57,4.03
0.79,Good,F,SI2,64.3,60,1943,5.82,5.75,3.72
0.7,Ideal,F,VS1,61.6,54,2839,5.75,5.72,3.53
0.5,Very Good,F,VS2,60.8,61,1357,5.04,5.09,3.08
0.34,Premium,F,SI2,60,62,574,4.55,4.51,2.72
0.49,Very Good,F,SI1,62.5,57,1116,4.99,5.02,3.13
0.71,Premium,F,SI2,60.2,60,2331,5.8,5.77,3.48
0.78,Very Good,F,SI2,62.4,59,2586,5.86,5.91,3.67
0.24,Very Good,F,VVS2,62.8,58,552,3.95,3.98,2.49
0.28,Very Good,F,VS1,62.3,52,536,4.2,4.26,2.62
0.31,Ideal,F,VS2,62.2,56,749,4.39,4.36,2.72
1.01,Premium,F,SI2,60.9,60,3297,6.45,6.42,3.91
0.74,Ideal,F,VVS1,60.8,60,4127,5.82,5.86,3.55
0.24,Very Good,F,VS2,62.4,58,419,3.98,4,2.49
0.24,Good,F,VVS2,65,58,492,3.89,3.93,2.54
0.31,Ideal,F,IF,61.4,56,1061,4.38,4.41,2.7
1.21,Very Good,F,SI1,60.2,60,7877,6.92,6.96,4.18
1.29,Ideal,F,VS1,60.7,57,11197,7.08,7.05,4.29
0.31,Very Good,F,VVS2,62,55,754,4.34,4.38,2.7
0.72,Ideal,F,SI2,61.7,55,2298,5.79,5.75,3.56
0.51,Very Good,F,SI2,58.9,60,1090,5.19,5.24,3.07
0.34,Very Good,F,VVS2,61.9,57,825,4.48,4.52,2.78
0.23,Good,F,VS2,63.8,57,357,3.93,3.84,2.48
1.01,Premium,F,SI2,58.8,62,4197,6.49,6.46,3.81
1.04,Ideal,F,VS2,62,55,7459,6.47,6.52,4.03
0.55,Good,F,VS2,58.2,58,1624,5.42,5.46,3.16
1.08,Premium,F,SI2,62.7,58,3992,6.53,6.49,4.08
0.7,Ideal,F,SI1,61.5,56,2348,5.74,5.7,3.52
2.02,Ideal,F,SI2,61.3,57,16290,8.11,8.16,4.99
0.32,Ideal,F,VVS2,60.8,58,837,4.39,4.43,2.68
0.74,Ideal,F,SI2,60.6,57,2555,5.88,5.84,3.55
0.38,Ideal,F,VS2,62,56,800,4.63,4.66,2.88
1.1,Premium,F,I1,59.8,61,3745,6.7,6.65,3.99
1.17,Ideal,F,VS2,61.8,55,8072,6.81,6.74,4.19
0.9,Very Good,F,VS2,61.6,63,4617,6.13,6.17,3.79
0.76,Premium,F,SI2,61.8,58,2491,5.88,5.83,3.62
0.59,Very Good,F,VS2,62,58,1764,5.35,5.42,3.34
0.66,Ideal,F,VVS2,61.2,57,2732,5.63,5.58,3.43
0.4,Premium,F,SI1,62.6,59,945,4.74,4.68,2.95
0.73,Premium,F,SI1,62.2,56,2728,5.79,5.73,3.58
0.41,Ideal,F,VVS1,60.3,56,1356,4.85,4.8,2.91
0.33,Ideal,F,IF,61.5,55,1042,4.44,4.47,2.74
0.62,Ideal,F,SI2,61.3,55,1441,5.55,5.47,3.38
0.55,Premium,F,VS2,62.5,58,2376,5.25,5.22,3.27
0.3,Very Good,F,VVS1,61.8,55,783,4.32,4.35,2.68
0.31,Premium,F,VS2,61.4,58,625,4.36,4.4,2.69
1.7,Premium,F,SI2,61.8,60,10377,7.64,7.56,4.7
1.05,Good,F,SI1,57.9,62,4729,6.68,6.73,3.88
1.04,Premium,F,VS2,60.1,59,6458,6.61,6.56,3.96
0.25,Very Good,F,VVS2,62.8,54,633,4,4.03,2.52
1.29,Ideal,F,SI2,61.7,54,6509,7.08,6.99,4.34
0.32,Very Good,F,VS1,62.3,55,696,4.38,4.42,2.74
0.51,Premium,F,VVS2,60.5,59,2203,5.17,5.15,3.12
0.41,Ideal,F,VVS2,62.9,54,1192,4.74,4.7,2.97
1.01,Premium,F,VS1,61.2,59,7982,6.48,6.42,3.95
0.92,Very Good,F,SI1,62.7,57,4037,6.14,6.2,3.87
0.36,Very Good,F,VS2,61.3,59,741,4.55,4.6,2.79
0.41,Very Good,F,SI2,60.8,58,647,4.78,4.83,2.92
0.8,Very Good,F,VS1,63.6,57,3559,5.82,5.91,3.73
0.28,Very Good,F,VVS1,60.1,59,642,4.24,4.25,2.55
0.52,Ideal,F,SI2,60.9,57,1226,5.22,5.2,3.17
0.41,Very Good,F,VVS1,62.3,54,1161,4.75,4.79,2.97
0.41,Premium,F,VS2,62.6,57,1107,4.74,4.71,2.96
0.91,Premium,F,SI2,61.4,60,3618,6.23,6.21,3.82
1,Very Good,F,VS2,61.9,58,6927,6.41,6.49,3.99
0.41,Premium,F,VS2,61.1,56,1107,4.84,4.79,2.94
1.04,Ideal,F,SI2,62,54,4695,6.49,6.51,4.03
1.04,Very Good,F,SI2,62.8,55,4244,6.41,6.48,4.05
0.4,Premium,F,VS2,60.7,60,1080,4.8,4.75,2.9
0.39,Very Good,F,VS2,62.4,58,821,4.61,4.65,2.89
0.59,Premium,F,SI1,62.2,60,2124,5.37,5.33,3.33
0.81,Premium,F,SI1,61.2,56,2926,6.03,6,3.68
0.35,Ideal,F,VS2,62.1,57,706,4.53,4.55,2.82
0.23,Very Good,F,VVS1,63.2,58,505,3.89,3.93,2.47
1.06,Ideal,F,SI1,62.1,57,5655,6.51,6.53,4.05
0.32,Premium,F,VS2,59.5,60,602,4.46,4.48,2.66
0.85,Very Good,F,VS1,62,55,4293,6.08,6.14,3.78
0.7,Good,F,VS1,64,57,2441,5.62,5.54,3.57
0.52,Very Good,F,SI2,62.3,60,1057,5.1,5.13,3.19
0.94,Premium,F,SI2,62.4,58,3456,6.23,6.17,3.87
0.31,Very Good,F,VS2,63,57,583,4.27,4.33,2.71
1.08,Premium,F,SI1,61,59,5487,6.67,6.57,4.04
1.52,Very Good,F,VS2,60.9,56,13215,7.38,7.44,4.51
0.7,Ideal,F,SI1,62.3,56,2382,5.65,5.68,3.53
0.35,Ideal,F,SI1,62.4,55,583,4.52,4.55,2.83
0.39,Very Good,F,SI1,61.3,62,670,4.68,4.71,2.88
0.78,Ideal,F,SI2,61.2,56,2622,5.93,5.97,3.64
0.71,Very Good,F,VS2,63.1,58,2588,5.65,5.7,3.58
0.65,Premium,F,VS2,59,62,1853,5.68,5.65,3.34
0.38,Very Good,F,VS2,61.9,59,800,4.61,4.66,2.87
0.51,Good,F,VS2,63.2,56.5,1569,5.05,5.08,3.2
1.06,Very Good,F,SI2,61.8,56.4,5258,6.51,6.56,4.04
1.04,Ideal,F,SI2,62.2,56,4797,6.45,6.48,4.02
0.32,Premium,F,VVS1,62.7,60,990,4.35,4.32,2.72
0.7,Premium,F,SI1,59.4,60,2239,5.77,5.74,3.42
0.81,Ideal,F,SI2,62.9,57,2726,5.97,5.93,3.74
1.02,Premium,F,SI2,59.9,59,4162,6.56,6.59,3.94
0.9,Ideal,F,SI2,61.9,57,4593,6.13,6.18,3.81
1.5,Good,F,SI1,60.5,62,11399,7.32,7.38,4.45
0.7,Very Good,F,SI1,59.7,56.9,2403,5.73,5.86,3.46
0.32,Ideal,F,SI1,61.3,55,491,4.44,4.47,2.73
1,Premium,F,SI1,60.8,59,4234,6.44,6.38,3.9
0.3,Ideal,F,VS1,61.8,55,795,4.32,4.36,2.68
0.39,Ideal,F,VVS1,60.9,55,1089,4.75,4.8,2.91
1.01,Ideal,F,SI2,62.7,57,3945,6.37,6.43,4.01
0.24,Very Good,F,VS1,62,56,417,3.94,3.99,2.46
0.76,Ideal,F,SI1,62.7,57,2607,5.82,5.85,3.66
0.91,Ideal,F,SI2,62.2,56,3746,6.17,6.14,3.83
0.33,Very Good,F,VS2,62.4,57,666,4.39,4.43,2.75
0.55,Ideal,F,VVS1,61.2,54,3005,5.3,5.35,3.26
1.03,Very Good,F,SI1,60.6,63,5241,6.47,6.5,3.93
0.25,Very Good,F,VVS2,61.6,57,633,4.05,4.08,2.5
0.64,Very Good,F,SI1,61.2,58,1725,5.54,5.6,3.41
0.87,Ideal,F,SI2,62.2,56,3090,6.03,6.13,3.78
0.75,Very Good,F,SI1,63.4,58,2734,5.75,5.79,3.66
0.9,Ideal,F,SI2,62.4,55,4593,6.17,6.2,3.86
0.4,Premium,F,VS1,62.6,58,1050,4.72,4.68,2.94
0.34,Very Good,F,VVS2,59.6,60,724,4.54,4.59,2.72
1.14,Ideal,F,I1,61.7,57,3755,6.67,6.7,4.13
0.3,Ideal,F,VS1,61.5,55,587,4.33,4.35,2.67
1.45,Fair,F,SI2,64.4,58,6455,7.17,7.11,4.59
0.32,Ideal,F,VVS2,61.2,55,800,4.43,4.46,2.72
0.38,Ideal,F,IF,62.2,55,1397,4.66,4.64,2.89
1.01,Ideal,F,VS1,62.2,57,7240,6.48,6.39,4
0.74,Ideal,F,SI2,62,56,2655,5.78,5.82,3.6
1.3,Premium,F,VVS1,59.3,59,14068,7.11,7.08,4.22
0.4,Premium,F,SI1,62.5,59,945,4.71,4.67,2.93
0.6,Ideal,F,VS2,61.9,55,1875,5.43,5.46,3.37
2.04,Good,F,SI2,64,57,14936,8.04,7.98,5.13
0.4,Premium,F,VS2,59.7,58,1080,4.83,4.79,2.87
0.9,Premium,F,SI2,60.1,59,3704,6.31,6.24,3.77
0.75,Very Good,F,SI1,63.1,58,2347,5.7,5.74,3.61
0.9,Very Good,F,SI1,62.8,56,3842,6.11,6.15,3.85
0.7,Good,F,VS2,64.3,59,2373,5.6,5.56,3.59
0.48,Ideal,F,SI2,61,57,918,5.05,5.08,3.09
1.21,Ideal,F,VVS1,59.8,60,12230,6.95,6.89,4.14
1.12,Ideal,F,SI2,61.8,56,5277,6.65,6.68,4.12
0.53,Ideal,F,VS1,62,55,1812,5.15,5.2,3.21
1,Very Good,F,VVS1,61.1,57,9870,6.36,6.51,3.93
0.9,Ideal,F,SI2,62.6,57,3704,6.2,6.13,3.86
0.93,Premium,F,SI1,62.3,58,4373,6.18,6.22,3.86
1.01,Very Good,F,VS2,61,57,6073,6.42,6.5,3.94
1.15,Ideal,F,VVS2,62.1,55,8903,6.74,6.69,4.17
1.02,Fair,F,SI2,66.6,58,3633,6.21,6.14,4.11
0.41,Premium,F,VVS2,60.1,58,1115,4.79,4.83,2.89
0.32,Ideal,F,VS1,61.9,56,900,4.4,4.35,2.71
1.3,Very Good,F,SI2,61.1,58,6149,6.98,7.02,4.28
0.72,Premium,F,VS1,62.2,57,3167,5.74,5.67,3.55
0.53,Ideal,F,VVS2,62,57,2177,5.17,5.2,3.21
0.28,Very Good,F,VVS2,61.8,60,596,4.16,4.19,2.58
0.8,Very Good,F,SI1,63.1,58,3093,5.89,5.93,3.73
1.39,Premium,F,SI1,62.4,59,8925,7.14,7.09,4.44
0.7,Very Good,F,SI1,62.9,59,2401,5.62,5.67,3.55
1.06,Premium,F,SI2,62.4,58,4372,6.5,6.54,4.07
1,Ideal,F,SI2,61.8,57,4197,6.36,6.45,3.96
1.2,Very Good,F,VS2,61.8,58,9007,6.75,6.78,4.18
0.48,Ideal,F,IF,62.1,55,2154,5,5.05,3.12
0.34,Ideal,F,VVS2,61.8,55,1003,4.46,4.51,2.77
0.7,Very Good,F,VS2,59.5,58,2812,5.75,5.85,3.45
0.72,Ideal,F,VS2,62,56,2943,5.77,5.75,3.57
1.03,Very Good,F,SI2,62.2,56,4449,6.51,6.48,4.04
0.5,Good,F,VS2,63.6,57,1436,5.03,5.07,3.21
1,Good,F,SI1,64.9,57,4844,6.25,6.32,4.08
1.01,Premium,F,VS2,63,58,6165,6.4,6.34,4.01
0.23,Good,F,VVS1,58.1,52,458,4.03,4.1,2.36
0.41,Ideal,F,VVS1,61.6,55,1196,4.79,4.82,2.96
1.01,Very Good,F,VS2,61.4,54,5988,6.4,6.47,3.95
0.38,Ideal,F,SI2,60.9,56,568,4.69,4.74,2.87
1.5,Good,F,VS2,64,56,10134,7.18,7.13,4.64
0.42,Good,F,SI1,63.6,57,722,4.7,4.76,3.01
0.72,Good,F,VS2,64.1,64,2589,5.66,5.6,3.61
0.7,Premium,F,SI1,62.5,59,2354,5.67,5.65,3.54
0.57,Ideal,F,VS1,61,56,2193,5.36,5.4,3.28
2.67,Good,F,SI2,63.8,58,18686,8.69,8.64,5.54
0.4,Premium,F,SI1,62.9,58,882,4.72,4.69,2.96
0.7,Ideal,F,SI1,62.8,56,2528,5.63,5.68,3.55
1.5,Ideal,F,VS2,61.7,54,14092,7.28,7.31,4.5
0.24,Ideal,F,VS2,62.2,57,419,3.96,4.01,2.48
0.8,Ideal,F,SI2,62.5,56,3066,5.94,5.99,3.73
0.59,Very Good,F,SI2,58.6,59,1247,5.53,5.57,3.25
0.38,Premium,F,SI1,60.4,58,898,4.72,4.68,2.84
0.9,Very Good,F,VS1,62.5,58,5279,6.12,6.17,3.84
0.51,Ideal,F,VS2,62.5,53,1431,5.12,5.15,3.21
1.01,Very Good,F,VS2,63.3,56,5662,6.36,6.34,4.02
0.37,Premium,F,VS2,60.6,58,957,4.67,4.63,2.82
0.43,Premium,F,VVS1,60.3,58,1422,4.91,4.88,2.95
0.31,Ideal,F,IF,62.2,55,921,4.35,4.38,2.71
0.57,Good,F,VS2,60,61,1680,5.36,5.43,3.24
0.31,Ideal,F,VS2,60.8,57,749,4.41,4.38,2.67
1.06,Ideal,F,VS2,61.1,57,7776,6.6,6.57,4.03
0.9,Good,F,SI1,61.3,60,3893,6.13,6.18,3.77
0.23,Very Good,F,VVS2,60.4,61,505,3.93,3.95,2.38
0.39,Premium,F,SI1,60.1,59,823,4.77,4.74,2.86
0.84,Premium,F,SI2,62.3,59,2863,6.06,6.01,3.76
0.8,Ideal,F,VS2,61.4,56,4816,5.99,6,3.68
1.01,Ideal,F,VS1,63.2,56,7209,6.35,6.41,4.03
0.92,Ideal,F,SI2,61.5,56,3763,6.27,6.32,3.87
1,Premium,F,SI2,62.9,59,4155,6.39,6.3,3.99
0.91,Very Good,F,SI2,60.6,56,4081,6.27,6.3,3.81
0.35,Ideal,F,VS1,62.4,55,665,4.49,4.52,2.81
0.71,Very Good,F,SI2,60.9,56,2036,5.8,5.83,3.54
0.5,Ideal,F,VS2,62,56,1581,5.07,5.11,3.15
1.51,Premium,F,VS2,62,60,14165,7.23,7.35,4.52
0.41,Very Good,F,VVS1,62.1,56,1295,4.78,4.79,2.97
0.35,Ideal,F,IF,60.9,55,1312,4.58,4.61,2.8
1.01,Very Good,F,VS1,63.9,55,6679,6.28,6.36,4.04
0.57,Ideal,F,IF,61.8,54,2974,5.33,5.35,3.3
1.04,Premium,F,SI1,59.8,59,5284,6.61,6.56,3.94
1.07,Good,F,SI2,58.7,64,4232,6.64,6.68,3.91
0.72,Ideal,F,SI1,62.1,55,2440,5.73,5.8,3.58
0.41,Ideal,F,SI1,61.4,57,753,4.76,4.79,2.93
0.31,Ideal,F,VVS1,61.8,56,959,4.36,4.34,2.69
0.74,Ideal,F,VS1,62,57,3593,5.81,5.78,3.6
0.7,Good,F,SI1,58.7,64,2573,5.77,5.78,3.39
1.01,Premium,F,VS2,62.1,60,6097,6.43,6.36,3.97
0.38,Ideal,F,VS2,62.2,57,1026,4.63,4.6,2.87
1.01,Premium,F,VVS2,62,58,8532,6.36,6.45,3.97
0.34,Very Good,F,SI2,63,58,447,4.45,4.47,2.81
0.8,Very Good,F,VS1,63.6,56,3471,5.83,5.94,3.74
0.73,Very Good,F,VS1,62,57,3200,5.73,5.75,3.56
0.34,Ideal,F,VS2,62.1,56,686,4.45,4.47,2.77
0.31,Ideal,F,VVS2,61.5,56,775,4.35,4.37,2.68
1.28,Ideal,F,VS1,61.5,55,12061,6.98,7.01,4.3
0.3,Ideal,F,VVS2,61.6,55,751,4.3,4.33,2.66
1,Very Good,F,SI1,63.1,57,4704,6.37,6.33,4.01
0.64,Very Good,F,SI1,60.7,59,1688,5.51,5.59,3.37
0.33,Ideal,F,VVS1,61.8,55,1141,4.44,4.46,2.75
0.31,Ideal,F,VS2,60.8,57,583,4.38,4.41,2.67
0.42,Premium,F,SI1,60,59,773,4.85,4.88,2.92
1.09,Very Good,F,VS2,61.4,54,6990,6.66,6.7,4.1
0.51,Good,F,SI1,64,57,1186,5.01,5.06,3.22
0.66,Very Good,F,SI1,59.2,58,1918,5.69,5.72,3.38
0.8,Ideal,F,VS1,62.2,56,4362,5.93,5.96,3.7
0.42,Ideal,F,VVS2,62.2,56,1221,4.82,4.79,2.99
1.51,Good,F,SI2,63.7,59,7208,7.15,7.26,4.59
0.91,Very Good,F,SI2,61.6,59,3653,6.14,6.24,3.81
0.46,Very Good,F,SI2,61.6,55,859,4.98,5.02,3.08
0.7,Premium,F,VVS1,63,60,3204,5.62,5.59,3.53
0.4,Very Good,F,VVS2,62.9,55,972,4.72,4.75,2.98
1.72,Very Good,F,SI1,63.2,61,13622,7.62,7.57,4.8
1.51,Premium,F,SI1,60.7,58,11666,7.41,7.38,4.49
0.7,Premium,F,VVS1,62.4,56,3300,5.69,5.63,3.53
0.29,Very Good,F,VVS1,62.1,55,731,4.26,4.28,2.65
0.23,Ideal,F,VVS2,62.3,56,530,3.95,4.01,2.48
0.77,Ideal,F,VS2,61.8,56,3533,5.9,5.92,3.65
0.56,Ideal,F,VS2,61,55,1708,5.33,5.35,3.26
0.3,Very Good,F,VVS2,59.9,56,730,4.38,4.44,2.64
1.22,Premium,F,SI1,62.5,59,7059,6.83,6.78,4.25
0.71,Premium,F,VS2,62.4,59,2686,5.71,5.66,3.55
0.8,Ideal,F,SI2,62,57,2495,5.96,5.98,3.7
1.07,Good,F,I1,64.3,59,3415,6.42,6.37,4.11
0.51,Ideal,F,VS2,60.6,57,1583,5.17,5.2,3.14
0.33,Ideal,F,VVS2,60.9,56,974,4.47,4.5,2.73
0.52,Premium,F,VS2,62.1,59,1720,5.15,5.12,3.19
0.73,Premium,F,SI2,61.6,58,2309,5.79,5.73,3.55
1.21,Ideal,F,VS2,61.2,57,8452,6.87,6.82,4.19
0.23,Very Good,F,IF,59.5,58,530,4,4.03,2.39
0.6,Ideal,F,SI1,61.5,58,1646,5.38,5.41,3.32
0.7,Ideal,F,SI2,62.1,57,2398,5.65,5.69,3.52
0.43,Ideal,F,VVS1,62.3,55,1358,4.85,4.88,3.03
0.52,Ideal,F,VS2,61.2,56,1625,5.19,5.37,3.2
1.53,Very Good,F,VS1,63.2,58,11379,7.33,7.3,4.62
1.03,Ideal,F,SI1,62.1,56,6183,6.5,6.46,4.03
0.31,Very Good,F,VVS1,59.2,62,777,4.34,4.41,2.59
1,Premium,F,SI2,61.6,61,4452,6.36,6.33,3.91
1.01,Ideal,F,VS1,60.8,57,7412,6.54,6.52,3.97
1.01,Very Good,F,SI1,61.9,57,4619,6.37,6.42,3.96
1.09,Ideal,F,SI1,62,56,5816,6.56,6.61,4.08
1.54,Premium,F,VS2,62.8,58,14188,7.33,7.29,4.59
0.56,Ideal,F,VS1,62.1,56,2097,5.32,5.28,3.29
0.55,Ideal,F,VS2,61.4,56,1715,5.28,5.31,3.25
0.75,Premium,F,VS2,61.6,58,3013,5.84,5.89,3.61
0.7,Very Good,F,SI1,61.3,58,2312,5.7,5.72,3.5
0.7,Good,F,SI1,64.3,63,2059,5.58,5.55,3.58
1.09,Very Good,F,IF,61.4,56,11631,6.62,6.68,4.08
1.04,Ideal,F,SI1,60.9,56,5795,6.61,6.56,4.01
1.01,Very Good,F,SI1,61,57,5174,6.44,6.54,3.96
0.81,Very Good,F,SI2,62.7,58,2942,5.92,5.95,3.72
0.9,Fair,F,SI1,65.1,56,3437,6.08,6.05,3.95
0.64,Ideal,F,VS1,61.9,56.8,2222,5.55,5.6,3.45
0.9,Good,F,SI1,63.1,58,3950,6.12,6.18,3.88
1.24,Premium,F,VS2,62.2,58,9411,6.89,6.84,4.27
0.55,Ideal,F,SI1,61,56,1390,5.28,5.34,3.24
0.51,Ideal,F,VS2,62.7,57,1562,5.11,5.06,3.19
0.7,Ideal,F,VS2,61.4,58,3011,5.7,5.73,3.51
1.03,Premium,F,SI1,60.9,61,5087,6.54,6.5,3.97
1.55,Ideal,F,SI2,61.9,55,10937,7.44,7.4,4.6
0.41,Good,F,I1,63.8,57,503,4.69,4.72,3
0.71,Fair,F,SI1,57,62,2149,5.84,5.87,3.34
0.57,Premium,F,SI1,62.7,59,1571,5.3,5.26,3.31
1.04,Ideal,F,SI1,62.2,57,4770,6.5,6.4,4.01
0.32,Good,F,VS2,63.4,57,645,4.32,4.36,2.75
0.33,Ideal,F,VVS1,62.5,54,880,4.43,4.46,2.78
0.6,Good,G,VS2,64.3,57,1793,5.31,5.38,3.43
0.98,Fair,G,I1,69.7,58,1712,6.08,5.98,4.21
1.01,Good,G,SI2,59.2,65,4047,6.35,6.41,3.78
0.35,Very Good,G,IF,60.5,56,1001,4.56,4.6,2.77
0.7,Very Good,G,SI1,62.5,60,2042,5.64,5.68,3.54
0.3,Ideal,G,SI1,62.3,56,477,4.27,4.3,2.67
0.31,Good,G,VVS2,63.8,56,707,4.24,4.28,2.72
0.41,Very Good,G,VS1,62.7,57,899,4.74,4.77,2.98
2.52,Good,G,SI2,63.7,59,17608,8.57,8.52,5.44
0.83,Very Good,G,SI2,63.3,57,2543,5.97,5.91,3.76
0.7,Good,G,VS1,60.6,61,2591,5.71,5.77,3.48
1.5,Premium,G,VS2,60.5,59,13112,7.39,7.35,4.46
0.9,Good,G,SI1,60,61,3752,6.19,6.22,3.72
0.31,Ideal,G,VS1,62.7,57,542,4.31,4.34,2.71
0.5,Ideal,G,VVS1,62.1,53.5,1865,5.08,5.13,3.17
0.83,Premium,G,VS1,58.8,58,3602,6.2,6.15,3.63
1.37,Ideal,G,VVS1,62.6,55,12455,7.12,7.07,4.44
1.08,Ideal,G,VS2,62.1,57,5559,6.54,6.57,4.07
0.92,Premium,G,SI2,62.4,57,3555,6.22,6.18,3.87
0.34,Premium,G,VS2,61.2,58,596,4.46,4.5,2.74
0.36,Ideal,G,VVS1,62.8,57,1053,4.55,4.52,2.85
1.01,Premium,G,VS2,61.6,60,6108,6.51,6.42,3.98
0.33,Ideal,G,VVS1,62.2,57,1114,4.46,4.41,2.76
1.14,Premium,G,SI1,62.2,58,5326,6.64,6.7,4.15
0.31,Ideal,G,VS2,61.6,54,698,4.41,4.39,2.71
0.7,Fair,G,VS2,66.5,57,2575,5.4,5.46,3.61
0.32,Ideal,G,VS1,60.8,57,828,4.42,4.39,2.68
0.93,Premium,G,SI2,61.7,60,3802,6.25,6.2,3.84
0.25,Very Good,G,VVS1,61.8,56,525,4.03,4.06,2.5
0.3,Ideal,G,VS1,62.4,57,624,4.3,4.32,2.69
0.74,Very Good,G,SI2,62.8,59,2262,5.71,5.76,3.6
0.31,Premium,G,VS2,61.5,59,698,4.35,4.33,2.67
1.14,Good,G,I1,63.7,56,2327,6.63,6.55,4.2
1.01,Premium,G,SI1,62.9,61,4672,6.4,6.36,4.01
1.5,Ideal,G,VS1,61.3,56,16171,7.41,7.37,4.53
0.75,Ideal,G,SI1,62.2,55,2760,5.87,5.8,3.63
1.27,Ideal,G,VVS1,61.7,56,10805,6.9,7.03,4.3
0.35,Ideal,G,VS1,61.9,55,706,4.52,4.53,2.8
1.02,Premium,G,SI2,62.5,58,3656,6.42,6.34,3.99
0.75,Premium,G,SI1,59.1,59,2622,5.98,5.9,3.51
0.73,Ideal,G,VVS2,62.1,56,3396,5.78,5.81,3.59
0.7,Good,G,SI1,63.9,58,2218,5.57,5.51,3.54
0.53,Ideal,G,VVS2,60.4,56,1948,5.24,5.29,3.18
0.73,Fair,G,VS2,60.1,65,2401,5.91,5.81,3.52
0.41,Premium,G,SI1,61.3,58,719,4.76,4.8,2.93
0.37,Ideal,G,IF,62.1,54,1056,4.6,4.64,2.87
0.32,Ideal,G,VVS1,62.2,55,842,4.38,4.4,2.73
0.52,Ideal,G,VVS1,61.9,54.4,1936,5.15,5.18,3.2
0.33,Premium,G,VS1,60.3,58,797,4.52,4.5,2.72
1.51,Very Good,G,VS1,60.2,63,12430,7.39,7.36,4.44
1.2,Good,G,SI2,62.1,60,5310,6.72,6.78,4.19
0.42,Premium,G,VS1,60.8,59,984,4.85,4.79,2.93
1.02,Ideal,G,SI1,60.5,59,4882,6.55,6.51,3.95
1.12,Ideal,G,I1,60.3,57,3874,6.73,6.8,4.08
1.02,Fair,G,VVS2,64.6,59,6736,6.31,6.29,4.07
1.32,Ideal,G,VS2,61.1,57,9580,7.13,7.07,4.34
1.29,Ideal,G,SI2,61.5,55,6321,7.03,6.99,4.31
0.51,Ideal,G,VS1,60.4,59,1668,5.16,5.21,3.13
0.34,Premium,G,VS2,61.1,60,765,4.53,4.51,2.76
0.31,Premium,G,VS1,61.8,59,802,4.35,4.32,2.68
0.33,Ideal,G,VS2,62,57,579,4.44,4.47,2.76
0.7,Ideal,G,VVS2,60.3,57,3191,5.75,5.83,3.49
0.31,Ideal,G,VVS1,62.3,54,789,4.37,4.4,2.73
0.41,Good,G,SI2,63.6,54,784,4.74,4.7,3
0.42,Ideal,G,VS1,61.8,56,984,4.84,4.8,2.98
0.34,Ideal,G,SI1,62.7,57,607,4.51,4.48,2.82
0.43,Ideal,G,VS1,61.9,55,943,4.84,4.86,3
0.34,Very Good,G,SI1,61.2,54,536,4.53,4.56,2.78
2.06,Premium,G,SI2,61.8,58,16587,8.15,8.1,5.02
0.72,Ideal,G,VVS2,61.2,57,3126,5.72,5.81,3.53
1.14,Ideal,G,VS1,60.9,57,7750,6.7,6.82,4.12
1.06,Ideal,G,VS2,62.7,55,6411,6.53,6.49,4.08
1.16,Ideal,G,SI2,61.5,54,5301,6.78,6.75,4.16
0.56,Ideal,G,VVS2,62.6,53,2148,5.27,5.31,3.31
0.35,Ideal,G,VVS2,62.1,56,1024,4.51,4.47,2.79
0.29,Very Good,G,VS1,58.1,59,660,4.39,4.42,2.56
0.38,Ideal,G,VS1,61.5,57,794,4.66,4.71,2.88
1.2,Premium,G,VS1,62.8,58,8602,6.84,6.75,4.27
0.4,Premium,G,SI1,62.8,60,900,4.7,4.66,2.94
1.02,Premium,G,VS2,62.5,58,6301,6.41,6.46,4.02
0.32,Very Good,G,VVS1,60.9,57,676,4.41,4.44,2.69
0.38,Ideal,G,SI1,61.8,54,969,4.69,4.67,2.9
0.33,Ideal,G,IF,61.8,55,1052,4.48,4.45,2.76
1.51,Premium,G,VS2,59.6,57,12696,7.52,7.49,4.47
1.26,Ideal,G,SI1,61.3,57,7230,6.94,6.99,4.27
0.4,Premium,G,VVS2,61.3,59,980,4.78,4.74,2.92
0.4,Ideal,G,VVS1,60.8,57,1097,4.78,4.81,2.91
0.32,Premium,G,VS2,62.6,60,561,4.33,4.36,2.72
1.25,Premium,G,VS1,60,61,8736,7.03,6.92,4.23
2,Good,G,SI2,64.2,60,9999,7.89,7.81,5.04
0.5,Good,G,VS1,59.8,63,1645,5.12,5.15,3.07
1.04,Ideal,G,VS1,61.7,57,7294,6.47,6.53,4.01
0.71,Ideal,G,VS2,59.5,57,2974,5.81,5.8,3.46
1.2,Ideal,G,VS1,62.4,57,8545,6.78,6.8,4.24
0.3,Premium,G,VS1,60.3,62,776,4.33,4.3,2.6
1.03,Fair,G,SI1,64.7,63,4424,6.36,6.31,4.1
1.7,Ideal,G,VS1,62.5,57,13398,7.61,7.57,4.74
0.32,Ideal,G,VS1,62,56,828,4.41,4.37,2.72
0.5,Very Good,G,VVS2,61.3,57,1729,5.12,5.15,3.15
1.52,Ideal,G,VVS1,61.4,57,16343,7.38,7.4,4.54
1.01,Very Good,G,VS2,60.2,58,6213,6.51,6.54,3.93
1.04,Ideal,G,VS1,61.5,56,7294,6.53,6.57,4.03
1.05,Ideal,G,SI1,59.7,56,5204,6.67,6.64,3.97
0.34,Premium,G,VS2,62.4,59,765,4.47,4.41,2.77
1.02,Ideal,G,VS2,61.4,55,6499,6.48,6.51,3.99
1.11,Very Good,G,VS2,62.2,57,6953,6.55,6.6,4.09
0.41,Good,G,I1,63.8,56,600,4.74,4.7,3.01
0.71,Good,G,SI1,63.6,56,2428,5.65,5.67,3.6
1.51,Very Good,G,VS1,63.1,55,12603,7.34,7.3,4.62
0.3,Very Good,G,VVS2,63,57,684,4.28,4.32,2.71
0.41,Premium,G,SI1,61.7,59,923,4.73,4.71,2.91
1.06,Very Good,G,VS2,59.8,58,6818,6.64,6.7,3.99
0.7,Fair,G,SI1,61.6,66,1995,5.62,5.57,3.45
0.52,Premium,G,SI2,59.2,60,1121,5.29,5.21,3.11
0.25,Very Good,G,VVS1,61.4,56,525,4.04,4.07,2.49
1.5,Good,G,SI1,59.7,65,9954,7.46,7.34,4.42
0.7,Very Good,G,SI2,63.2,57,1715,5.66,5.59,3.55
0.51,Premium,G,SI2,63,61,1056,5.08,4.99,3.17
1.15,Premium,G,SI1,63,59,5384,6.68,6.63,4.19
0.4,Ideal,G,SI1,62,55,692,4.72,4.76,2.94
0.32,Premium,G,VS2,62,58,720,4.38,4.33,2.7
2.06,Premium,G,SI2,61.8,58,16437,8.1,8.15,5.02
0.93,Ideal,G,SI1,62.2,58,4666,6.2,6.24,3.87
2.05,Good,G,I1,56.9,58,7026,8.46,8.3,4.77
0.97,Premium,G,SI2,61.3,57,4101,6.37,6.32,3.89
0.9,Good,G,SI1,63.7,56,3074,6.1,6.06,3.87
0.5,Good,G,VS2,59.3,65,1259,5.1,5.12,3.03
0.33,Ideal,G,IF,61.3,57,984,4.42,4.46,2.72
0.3,Very Good,G,VS1,63.5,58,725,4.26,4.21,2.69
1.21,Good,G,SI1,63.8,58,5597,6.75,6.64,4.27
0.9,Ideal,G,SI2,62.4,57,2968,6.16,6.13,3.84
1.23,Premium,G,SI2,62.8,59,4426,6.76,6.72,4.23
0.36,Premium,G,SI1,61.8,59,537,4.55,4.57,2.82
0.74,Very Good,G,SI1,63.5,60,2468,5.73,5.68,3.62
1.24,Ideal,G,VS1,61.8,55,10946,6.85,6.89,4.25
1.04,Good,G,VS2,61.4,65,5535,6.53,6.47,3.99
0.6,Ideal,G,VS1,61.2,56,2147,5.43,5.47,3.33
1.51,Premium,G,SI2,62.8,56,8794,7.3,7.22,4.56
0.55,Ideal,G,IF,62,55,2398,5.25,5.29,3.27
1.75,Premium,G,VS2,61.5,59,16783,7.76,7.66,4.74
0.32,Ideal,G,VVS2,61.8,55,730,4.41,4.43,2.73
0.31,Ideal,G,SI2,60.5,57,408,4.36,4.4,2.65
0.35,Ideal,G,SI1,61.8,55,503,4.54,4.56,2.81
0.36,Premium,G,IF,61,59,1074,4.55,4.6,2.79
2.01,Ideal,G,SI1,62.1,57,18736,8.07,8.09,5.02
1.01,Ideal,G,SI1,62.6,56,5698,6.37,6.41,4
0.77,Very Good,G,SI1,63.2,57,2586,5.86,5.76,3.67
0.9,Good,G,VVS1,64,55,4382,6.05,6.02,3.86
0.34,Premium,G,VS2,61.3,58,596,4.51,4.53,2.77
2,Good,G,SI1,64.2,59,17902,7.93,7.84,5.06
0.77,Premium,G,VS2,61.3,57,2803,5.93,5.88,3.62
0.7,Ideal,G,SI1,60.9,57,2415,5.79,5.77,3.52
0.33,Very Good,G,VS1,62,59,666,4.36,4.42,2.72
0.41,Good,G,SI2,63.7,55,732,4.75,4.7,3.01
0.56,Ideal,G,VVS1,61.7,57,1993,5.29,5.31,3.27
1.54,Premium,G,VS2,61.8,58,13120,7.43,7.39,4.58
1,Fair,G,SI1,65.7,54,2964,6.24,6.16,4.07
0.41,Very Good,G,VS2,61.4,59.2,813,4.76,4.78,2.93
1.33,Very Good,G,SI2,62,59,6603,7.1,7.04,4.38
0.32,Very Good,G,VS1,61.2,62,602,4.41,4.45,2.71
0.32,Premium,G,VS2,61.5,58,561,4.35,4.4,2.69
0.39,Ideal,G,VVS2,60.6,57,902,4.72,4.75,2.87
0.82,Very Good,G,SI2,62.5,56,2893,5.99,6.04,3.76
0.28,Ideal,G,IF,60.9,57,650,4.24,4.27,2.59
1.04,Premium,G,VS2,60,58,6122,6.62,6.54,3.95
0.32,Premium,G,VS2,59.9,57,720,4.51,4.47,2.69
0.39,Premium,G,VS2,60.4,61,942,4.73,4.71,2.85
0.73,Ideal,G,SI1,60.1,57,2548,5.87,5.91,3.54
0.32,Premium,G,SI2,62.3,58,540,4.42,4.37,2.74
0.3,Ideal,G,IF,62.6,57,895,4.28,4.32,2.69
0.92,Premium,G,SI2,62.3,59,3318,6.2,6.15,3.85
1.65,Premium,G,I1,62,59,6788,7.53,7.57,4.68
0.91,Premium,G,SI1,61.8,60,4045,6.18,6.21,3.83
1.11,Ideal,G,VS1,62.8,55,8129,6.6,6.65,4.16
0.91,Ideal,G,SI1,61.9,56,4731,6.22,6.18,3.84
1,Good,G,VS2,59.3,61,5766,6.51,6.57,3.88
1.08,Premium,G,VS1,62,60,6689,6.55,6.51,4.05
1.07,Premium,G,VS1,59.6,58,5967,6.66,6.7,3.98
1.37,Very Good,G,SI2,62.8,57,6609,7.06,7.12,4.45
2.18,Premium,G,SI2,61.9,60,18003,8.29,8.24,5.12
0.3,Very Good,G,VVS1,62.5,56,753,4.25,4.29,2.67
1.5,Very Good,G,SI2,63.1,57,9384,7.29,7.25,4.59
0.41,Premium,G,VS1,60,61,961,4.86,4.77,2.89
0.33,Ideal,G,VS1,61.7,56,666,4.44,4.47,2.75
0.41,Very Good,G,VS1,62.4,57,899,4.71,4.74,2.95
0.78,Good,G,SI2,57.9,63,1720,6.05,6,3.49
0.32,Ideal,G,SI2,62.5,57,540,4.38,4.35,2.73
0.74,Premium,G,SI2,62.8,57,2109,5.77,5.73,3.61
1.01,Very Good,G,VVS2,63.3,57,7885,6.31,6.36,4.01
0.33,Ideal,G,VS2,62.3,57,579,4.4,4.43,2.75
0.9,Premium,G,SI2,58.3,60,3377,6.39,6.33,3.71
0.7,Good,G,VS2,63.8,59,2353,5.51,5.55,3.53
0.53,Ideal,G,VS2,61.2,56,1577,5.19,5.22,3.19
0.71,Very Good,G,VS2,61.8,56,2647,5.69,5.74,3.53
0.38,Ideal,G,SI1,60.9,56,855,4.71,4.68,2.86
1.36,Ideal,G,SI1,60.9,56,8977,7.15,7.16,4.36
1.01,Ideal,G,VS2,61.6,56,6353,6.46,6.43,3.97
1.57,Very Good,G,SI2,61.1,61,8419,7.43,7.46,4.55
1,Good,G,SI2,61.4,61,3646,6.32,6.35,3.89
0.67,Ideal,G,IF,61.6,55,3271,5.61,5.65,3.47
0.34,Good,G,VS2,57.5,61,556,4.6,4.66,2.66
0.31,Premium,G,VS2,59.9,59,544,4.38,4.4,2.63
0.37,Ideal,G,VS2,61.3,57,649,4.6,4.64,2.83
0.51,Very Good,G,VS2,62.3,59,1438,5.07,5.1,3.17
0.32,Ideal,G,SI1,60.9,57,612,4.46,4.44,2.71
1.06,Ideal,G,VVS2,61,57,8044,6.57,6.55,4
1.5,Premium,G,VS1,62.4,60,13009,7.29,7.22,4.53
0.3,Ideal,G,IF,62.5,54,863,4.31,4.33,2.7
0.41,Ideal,G,VVS2,61.3,56,1007,4.77,4.79,2.93
1.54,Very Good,G,VS1,63.4,57,14433,7.28,7.36,4.64
1.05,Premium,G,SI1,59.1,57,4510,6.73,6.63,3.95
0.3,Very Good,G,VVS2,63.3,57,878,4.27,4.23,2.69
0.32,Ideal,G,VS2,62.1,56,524,4.36,4.4,2.72
0.4,Ideal,G,VS1,62.2,56,1125,4.74,4.72,2.94
1.09,Very Good,G,VS1,62.5,59,6546,6.56,6.59,4.11
1.7,Premium,G,VVS2,59.8,59,18718,7.7,7.75,4.62
0.97,Very Good,G,SI1,61,59,4504,6.36,6.4,3.89
1.74,Ideal,G,VS2,62.9,57,16316,7.68,7.64,4.82
0.39,Ideal,G,VVS2,60.7,55,902,4.75,4.78,2.89
0.5,Very Good,G,VS1,62.7,59,1637,5.04,5.07,3.17
1.5,Fair,G,SI2,68.5,66,6552,6.87,6.76,4.67
0.31,Ideal,G,VS2,62.4,54,698,4.39,4.36,2.73
0.83,Good,G,SI2,63.7,56,2614,5.92,5.95,3.78
1.69,Premium,G,VVS2,62.9,58,15889,7.59,7.51,4.75
0.34,Premium,G,VS2,61.6,60,596,4.47,4.49,2.76
1.03,Ideal,G,VVS1,59.9,61,8955,6.56,6.63,3.95
0.71,Ideal,G,SI1,61.6,56,2649,5.73,5.76,3.54
0.43,Premium,G,VVS1,62,59,1264,4.82,4.8,2.98
0.77,Ideal,G,VS1,62.4,54,3121,5.93,5.89,3.69
1.13,Ideal,G,IF,61.7,57,10228,6.65,6.7,4.12
1.09,Very Good,G,VS2,60.9,56,6388,6.67,6.7,4.07
0.53,Very Good,G,VS1,60.1,58,1721,5.27,5.32,3.18
0.3,Ideal,G,VS1,61.4,57,776,4.34,4.29,2.65
0.51,Premium,G,VS2,61.2,60,1438,5.12,5.17,3.15
1.24,Premium,G,VVS2,59.9,60,10202,6.98,7,4.19
1.04,Ideal,G,SI2,62.4,54,5044,6.49,6.53,4.06
1,Good,G,SI1,59.9,58,6437,6.44,6.48,3.87
0.3,Very Good,G,VS2,62.1,56,541,4.27,4.3,2.66
0.4,Premium,G,VS2,61.9,58,966,4.76,4.74,2.94
0.39,Very Good,G,VS2,59.8,61,734,4.72,4.75,2.83
0.52,Ideal,G,VS1,62.1,54,1743,5.17,5.14,3.2
0.31,Ideal,G,IF,62,54,891,4.36,4.38,2.71
1.12,Ideal,G,VVS2,62.1,54.8,8701,6.64,6.66,4.13
0.42,Premium,G,VVS2,61.6,60,1029,4.85,4.8,2.97
0.26,Very Good,G,VVS2,62.3,56,486,4.07,4.09,2.54
1.04,Very Good,G,SI2,60.9,58,4200,6.52,6.58,3.99
0.51,Ideal,G,SI2,61.3,55,1094,5.17,5.19,3.17
0.33,Very Good,G,VVS2,60.9,57,752,4.43,4.5,2.72
1,Premium,G,SI1,60.1,61,3634,6.44,6.4,3.86
1.51,Premium,G,SI1,62.7,58,10951,7.3,7.25,4.56
0.42,Very Good,G,SI1,61.7,55,916,4.78,4.81,2.96
0.9,Very Good,G,VS2,62.4,60,4182,6.07,6.11,3.8
1.01,Premium,G,SI2,59.4,60,4022,6.55,6.58,3.9
0.32,Ideal,G,SI1,61.3,57,612,4.4,4.37,2.69
0.32,Ideal,G,VS1,61.6,57,645,4.38,4.42,2.71
1.56,Premium,G,VS2,61.9,58,13299,7.44,7.4,4.59
0.56,Ideal,G,VS2,59.6,57,1662,5.37,5.39,3.21
0.7,Very Good,G,SI1,62.1,58,2106,5.66,5.7,3.53
0.54,Ideal,G,VS2,60.7,56,1637,5.29,5.25,3.2
1.5,Premium,G,VS1,60.2,58,13720,7.41,7.38,4.45
1.31,Premium,G,VS2,60.3,59,8979,7.12,7.08,4.28
0.56,Ideal,G,SI1,63,55,1287,5.26,5.22,3.3
0.3,Premium,G,VS1,62.9,60,776,4.22,4.18,2.64
0.32,Premium,G,SI2,61,59,421,4.36,4.42,2.68
0.54,Ideal,G,VVS1,61.3,56,2087,5.28,5.23,3.22
0.37,Ideal,G,IF,61.2,56,1056,4.65,4.67,2.85
2.11,Premium,G,SI2,62.2,60,16336,8.19,8.15,5.08
1.38,Ideal,G,SI2,61.4,55,7094,7.2,7.17,4.41
0.42,Very Good,G,VS1,62.4,59,921,4.78,4.8,2.99
0.32,Ideal,G,VS1,61.3,57,645,4.37,4.4,2.69
1.01,Good,G,VS2,63.6,60,5701,6.35,6.3,4.02
0.33,Premium,G,VS2,61.3,59,579,4.44,4.46,2.73
1.01,Premium,G,SI2,60.1,58,3173,6.54,6.39,3.89
0.32,Ideal,G,VS2,61.4,56,561,4.37,4.39,2.69
0.57,Ideal,G,VVS2,61.7,54,2095,5.32,5.41,3.31
0.42,Ideal,G,VVS1,60.6,56,1179,4.86,4.88,2.95
1.37,Ideal,G,VS1,62.2,55,10927,7.09,7.12,4.42
1.11,Ideal,G,VS1,62.6,57,7758,6.64,6.59,4.14
0.71,Ideal,G,VVS2,61.5,57,2893,5.73,5.75,3.53
1.14,Ideal,G,VS1,61.8,57,9090,6.67,6.7,4.12
0.38,Ideal,G,VS2,60.6,57,955,4.7,4.73,2.86
1,Good,G,VS2,58.6,65,5242,6.61,6.53,3.85
1.41,Ideal,G,VS1,60.4,57,11009,7.22,7.31,4.39
0.33,Premium,G,VS1,61.8,59,666,4.39,4.45,2.73
1.12,Good,G,SI2,56.7,62,4158,6.91,6.86,3.9
0.33,Very Good,G,VS1,63.1,57,854,4.4,4.38,2.77
0.42,Ideal,G,VVS1,60,57,1179,4.84,4.86,2.91
0.32,Ideal,G,VVS2,62.1,55,936,4.38,4.35,2.71
0.32,Premium,G,VS2,60.5,58,561,4.41,4.42,2.67
0.71,Ideal,G,VVS2,62.5,57,3095,5.7,5.73,3.57
0.32,Ideal,G,IF,61.9,55,918,4.38,4.44,2.73
1.03,Premium,G,SI2,59.3,58,4160,6.58,6.63,3.92
0.33,Very Good,G,VS1,61.2,57,643,4.46,4.49,2.73
0.33,Ideal,G,VVS2,61.3,56,730,4.46,4.48,2.74
0.33,Ideal,G,VVS1,61.7,55,838,4.44,4.48,2.75
1.24,Fair,G,SI2,65.7,57,4058,6.72,6.68,4.4
1.01,Premium,G,VS1,62.8,59,6618,6.37,6.34,3.99
0.81,Ideal,G,VS2,60.8,60,3398,5.98,6,3.64
0.32,Ideal,G,VS2,61.5,55,580,4.39,4.43,2.71
1.01,Good,G,SI2,62.8,61,4210,6.31,6.37,3.98
0.59,Ideal,G,VVS2,61,57,2024,5.41,5.44,3.31
0.5,Ideal,G,VVS1,62.7,57,2070,5.1,5.07,3.19
2.01,Ideal,G,SI2,63,56,13498,7.98,7.9,5
0.3,Ideal,G,SI1,62.3,58,477,4.26,4.28,2.66
0.31,Ideal,G,VVS1,61.6,54,778,4.36,4.38,2.69
1.01,Premium,G,I1,59.4,61,3348,6.51,6.45,3.85
0.35,Fair,G,VS2,65.9,54,1415,5.57,5.53,3.66
1.02,Ideal,G,SI1,59.2,57,4633,6.52,6.56,3.87
0.51,Premium,G,VS1,62.9,58,1781,5.1,5.05,3.19
0.39,Premium,G,VS1,62.6,58,855,4.66,4.7,2.93
0.3,Good,G,VS1,63.4,55,565,4.26,4.32,2.72
0.39,Very Good,G,VVS2,63.4,57,956,4.65,4.62,2.94
0.7,Premium,G,VVS2,59.3,54,3450,5.89,5.78,3.46
0.36,Very Good,G,VS1,60.6,60,678,4.57,4.61,2.78
0.9,Very Good,G,VS1,61.7,60,4872,6.11,6.2,3.8
0.9,Ideal,G,VVS2,61.9,56,5335,6.15,6.22,3.83
0.4,Ideal,G,VS2,62.1,58,859,4.68,4.72,2.92
0.45,Very Good,G,VVS1,60,57,1193,4.99,5.02,3
0.9,Very Good,G,SI2,60.3,63,3478,6.33,6.25,3.79
1.02,Very Good,G,VVS1,63,58,7657,6.4,6.43,4.04
0.92,Good,G,VS2,63.4,57,4243,6.17,6.23,3.93
1.68,Ideal,G,VS1,62,55,16985,7.59,7.66,4.73
1.01,Premium,G,SI1,63,59,4338,6.32,6.27,3.96
0.9,Very Good,G,VS2,63.2,58,4531,6.11,6.17,3.88
0.72,Ideal,G,VVS1,62.2,54.4,3492,5.73,5.76,3.57
0.72,Ideal,G,SI1,62,56,2318,5.75,5.71,3.55
0.34,Ideal,G,IF,60.1,57,1084,4.58,4.54,2.74
0.71,Fair,G,VS1,65.5,55,2686,5.62,5.53,3.65
0.72,Ideal,G,VS2,62.8,56,2805,5.74,5.7,3.59
1,Fair,G,VS1,63.1,68,4892,6.32,6.17,3.94
0.3,Very Good,G,VVS1,62.8,58,789,4.27,4.3,2.69
0.42,Very Good,G,VS1,60.6,58,921,4.82,4.95,2.96
1.09,Very Good,G,VS2,59.9,56,5783,6.59,6.73,3.99
0.3,Very Good,G,IF,61.4,59,831,4.27,4.3,2.63
0.27,Ideal,G,VS1,62.3,53,527,4.16,4.19,2.6
0.9,Premium,G,VS2,62.4,61,4137,6.17,6.13,3.84
1.01,Good,G,SI2,63.5,58,4079,6.34,6.39,4.04
0.62,Premium,G,VS1,59.8,58,1933,5.55,5.58,3.33
1.24,Ideal,G,VS2,62,56,8797,6.87,6.9,4.27
0.69,Fair,G,VS1,57.8,66,2070,5.9,5.84,3.39
1.2,Ideal,G,SI1,61.5,54,6160,6.85,6.87,4.22
1.04,Good,G,VS1,58.9,64,6151,6.6,6.64,3.9
0.33,Premium,G,VVS1,62.1,58,868,4.4,4.43,2.74
0.4,Premium,G,VVS2,58.9,58,1050,4.84,4.8,2.84
1.08,Very Good,G,SI2,59.8,57,4241,6.66,6.72,4
0.4,Ideal,G,VS2,60.9,58,825,4.76,4.79,2.91
0.8,Very Good,G,VS1,63.5,57,3381,5.87,5.91,3.74
1.03,Very Good,G,I1,60.8,57,3018,6.51,6.55,3.97
1.18,Ideal,G,VS1,61.3,56,8414,6.81,6.83,4.17
1.03,Ideal,G,SI1,61.9,56,4928,6.46,6.5,4.01
0.65,Very Good,G,VVS2,61.3,59,2178,5.51,5.61,3.41
0.45,Ideal,G,IF,61.7,55,1548,4.93,4.96,3.05
2.05,Ideal,G,SI2,59.8,59,16446,8.22,8.31,4.94
1,Very Good,G,SI2,62.8,57,4207,6.31,6.37,3.98
0.39,Ideal,G,VS1,61.3,56,752,4.68,4.71,2.88
0.23,Very Good,G,VS1,62.2,55,391,3.93,3.95,2.45
0.3,Good,G,VS1,63.6,54,776,4.31,4.25,2.72
0.36,Ideal,G,VS1,62.3,57,678,4.55,4.57,2.84
1.29,Ideal,G,VS2,61.3,57,9243,6.99,7.07,4.31
1.31,Ideal,G,VVS1,61.1,57,11247,7.06,7.01,4.3
0.31,Ideal,G,VS2,61.7,55,562,4.37,4.39,2.7
0.41,Premium,G,VS2,59.8,58,1061,4.84,4.8,2.88
0.9,Very Good,G,SI1,61.3,60,3841,6.14,6.17,3.77
1.17,Ideal,G,VVS2,61.6,56,9630,6.77,6.83,4.18
1.01,Ideal,G,SI1,61.1,58,5497,6.43,6.49,3.95
0.31,Premium,G,VS2,61.8,58,435,4.35,4.39,2.7
0.33,Very Good,G,VS2,62.1,56,579,4.41,4.44,2.75
0.31,Good,G,VS2,63.2,58,507,4.28,4.3,2.71
1.02,Premium,G,VS2,62,57,5581,6.48,6.43,4
0.34,Ideal,G,SI1,61.5,55,540,4.49,4.52,2.77
0.31,Very Good,G,VVS1,58.8,59,778,4.44,4.47,2.62
0.41,Premium,G,SI1,62.5,57,923,4.72,4.69,2.94
1.01,Premium,G,SI1,60,58,5204,6.54,6.5,3.91
0.27,Very Good,G,VVS1,62.9,55,566,4.12,4.15,2.6
0.91,Very Good,G,SI2,64,61,3387,6.05,6.08,3.88
0.73,Ideal,G,VVS1,61.3,56,3667,5.79,5.82,3.56
1.71,Premium,G,VS2,61.3,58,11032,7.64,7.6,4.67
0.34,Ideal,G,VS2,62.2,57,596,4.44,4.47,2.77
0.52,Ideal,G,VS1,62.7,57,1815,5.15,5.12,3.22
0.3,Premium,G,VVS2,62,58,684,4.26,4.29,2.65
0.9,Good,G,SI1,62.2,62.5,3816,6.08,6.1,3.78
1.5,Premium,G,VVS2,61.2,59,12821,7.4,7.31,4.5
0.33,Premium,G,IF,60.8,58,984,4.42,4.46,2.7
1.3,Premium,G,VS2,60.9,60,9051,6.99,7.04,4.27
0.5,Good,G,SI1,60.2,64,1138,5.11,5.04,3.05
1.01,Premium,G,SI1,61.5,59,5006,6.48,6.43,3.97
0.51,Good,G,VVS1,63.2,58,1872,5.08,5.11,3.22
1.12,Ideal,G,SI2,61.3,55,4990,6.74,6.7,4.12
1.02,Premium,G,VS2,62.6,59,6087,6.43,6.39,4.01
0.36,Ideal,G,VVS1,61.7,55,1163,4.58,4.6,2.83
0.42,Very Good,G,VS2,60.1,61,847,4.81,4.84,2.9
0.54,Ideal,G,VS1,62.3,55,1754,5.2,5.24,3.25
0.31,Very Good,G,VS2,63.1,58,698,4.35,4.3,2.73
1.01,Premium,G,VS2,62.1,59,5864,6.43,6.38,3.98
0.56,Ideal,G,SI1,62.5,56,1340,5.21,5.28,3.28
1.12,Ideal,G,VVS2,61.5,57,10305,6.65,6.67,4.1
0.32,Very Good,G,VS1,61.9,56,660,4.41,4.45,2.74
0.3,Ideal,G,VS1,61.8,54,776,4.32,4.29,2.66
0.9,Very Good,G,SI1,62,58,3841,6.14,6.18,3.82
0.45,Ideal,G,VS1,62.8,58,1055,4.83,4.88,3.05
0.9,Good,G,VS2,64,59,3801,6.04,6.08,3.88
0.7,Ideal,G,VS1,61.4,57,3034,5.7,5.73,3.51
0.31,Very Good,G,VS1,59.6,61,625,4.35,4.38,2.6
0.93,Good,G,SI1,63.8,58,4452,6.09,6.14,3.9
0.32,Ideal,G,VVS2,62.6,57,730,4.34,4.38,2.73
1,Good,G,VVS2,62.4,61,6748,6.32,6.3,3.94
0.34,Ideal,G,VVS2,61.6,56,995,4.49,4.47,2.76
0.51,Ideal,G,VVS2,61.6,56,1875,5.12,5.17,3.17
1.01,Very Good,G,VS2,62.4,58,6019,6.42,6.4,4
1.07,Very Good,G,VS2,61.9,60,6101,6.48,6.55,4.03
0.53,Ideal,G,IF,62.1,57,2372,5.16,5.21,3.22
1.01,Ideal,G,VVS2,62,58,7597,6.36,6.39,3.95
1.5,Premium,G,VS1,62.7,58,14234,7.3,7.25,4.56
0.9,Good,G,VS1,63.9,57,4223,6.08,6.03,3.87
0.36,Premium,G,SI2,61.9,56,608,4.59,4.55,2.83
0.3,Ideal,G,VVS1,62.1,56,1094,4.35,4.28,2.68
0.62,Premium,G,VS1,62.9,58,1770,5.41,5.37,3.39
1.07,Ideal,G,VS1,62.2,56,7748,6.53,6.56,4.07
1,Very Good,G,SI2,63.1,63,3713,6.33,6.23,3.96
1.51,Ideal,G,VS2,62.2,57,12947,7.28,7.36,4.55
1.02,Ideal,G,VS2,62.6,58,5915,6.43,6.39,4.01
1.01,Ideal,G,VS2,60.6,58,6295,6.44,6.5,3.92
1.14,Premium,G,VS2,61.9,58,6256,6.72,6.68,4.15
0.71,Ideal,G,SI1,61.4,55,2423,5.75,5.79,3.54
1.56,Ideal,G,SI1,61.2,56,11628,7.51,7.49,4.59
0.3,Ideal,G,VVS1,62.2,57,764,4.28,4.3,2.67
0.3,Good,G,VS2,63.1,56,526,4.25,4.28,2.69
0.3,Premium,G,VVS2,61.3,57,878,4.33,4.29,2.64
0.31,Ideal,G,VVS1,61.8,55,743,4.35,4.39,2.7
1.55,Ideal,G,VS1,62,57,14174,7.37,7.42,4.58
1.58,Premium,G,VVS2,62.4,56,14855,7.5,7.4,4.65
0.7,Very Good,G,SI1,60.7,58,2074,5.7,5.73,3.47
0.31,Premium,G,VS2,61.7,59,544,4.31,4.34,2.67
1.02,Ideal,G,SI1,60.3,56,4708,6.57,6.54,3.95
0.7,Premium,G,SI2,58.9,59,1636,5.73,5.7,3.37
0.3,Premium,G,VS1,61.9,59,776,4.32,4.3,2.67
0.56,Ideal,G,VS2,62.1,56,1698,5.31,5.29,3.29
0.7,Ideal,G,SI2,62.4,56,2092,5.65,5.67,3.53
0.47,Ideal,G,VVS1,61.3,56,1441,5.03,5.05,3.09
0.93,Very Good,G,VS1,62.1,59,4879,6.16,6.21,3.84
1.51,Good,G,VS2,63.7,57,9741,7.21,7.18,4.58
1.52,Good,G,SI1,64.4,59,9368,7.18,7.25,4.65
0.31,Good,G,VS1,63.2,56,625,4.28,4.29,2.71
1.09,Premium,G,SI1,61.8,59,4322,6.59,6.53,4.06
0.54,Very Good,G,IF,62.5,58,2128,5.19,5.27,3.27
0.54,Premium,G,VS1,61.1,59,1847,5.26,5.22,3.2
0.45,Good,G,VS1,64.1,58.8,1127,4.79,4.86,3.09
0.3,Ideal,G,VVS1,62,58,764,4.28,4.3,2.66
0.38,Very Good,G,VS2,62.5,56,775,4.59,4.63,2.88
0.56,Premium,G,SI1,60.2,59,1340,5.34,5.36,3.22
1.03,Very Good,G,SI2,63,57,4315,6.4,6.42,4.04
0.3,Ideal,G,VS1,61.7,57,776,4.32,4.3,2.66
0.31,Ideal,G,IF,62.1,56,871,4.31,4.34,2.69
1.16,Ideal,G,SI2,61.9,56,4880,6.73,6.77,4.18
0.9,Good,G,SI1,63.9,60,3512,6.1,6.07,3.89
0.53,Ideal,G,VS1,61.7,55,1727,5.22,5.18,3.21
0.28,Ideal,G,SI1,61.2,54,455,4.22,4.27,2.6
1.2,Premium,G,VS2,61.6,59,7661,6.85,6.81,4.21
1,Good,G,VS2,63.5,59,5860,6.23,6.33,3.99
0.77,Ideal,G,SI2,60.3,56,2162,5.96,5.92,3.58
1.51,Premium,G,SI1,61.6,59,10739,7.32,7.3,4.5
0.3,Ideal,G,IF,62.1,55,863,4.32,4.35,2.69
0.57,Premium,G,VVS2,60.2,60,2059,5.44,5.36,3.25
1,Very Good,G,VVS2,59.8,59,7584,6.47,6.51,3.88
0.41,Premium,G,VS1,60.2,59,961,4.84,4.79,2.9
1.68,Ideal,G,VS2,62.5,54,15740,7.61,7.64,4.76
0.33,Premium,G,VVS1,61.9,59,1114,4.41,4.38,2.72
1.66,Very Good,G,VS2,63.2,56,15229,7.61,7.49,4.77
0.78,Ideal,G,SI2,61.7,55,2246,5.92,5.88,3.64
0.3,Ideal,G,VS1,60.6,57,624,4.38,4.4,2.66
0.54,Premium,G,SI1,60.3,57,1389,5.4,5.24,3.21
0.32,Good,G,VS1,57,62,628,4.51,4.54,2.58
1.12,Ideal,G,VS2,60.9,56,8189,6.7,6.74,4.09
0.72,Ideal,G,VVS2,61.3,56,3352,5.76,5.8,3.54
0.52,Ideal,G,VVS1,60.6,57,2387,5.21,5.26,3.17
0.72,Fair,G,I1,65.1,57,1147,5.65,5.55,3.65
0.28,Ideal,G,SI1,60.7,56,430,4.25,4.28,2.59
0.5,Premium,G,VVS2,59.6,60,1838,5.15,5.18,3.08
1.08,Ideal,G,VS2,61.3,56,6586,6.59,6.62,4.05
0.33,Very Good,G,VS1,61.6,57,621,4.42,4.51,2.75
0.5,Premium,G,VVS2,60.7,57,1935,5.14,5.1,3.11
0.55,Premium,G,SI2,61.8,56,1280,5.28,5.23,3.25
0.31,Premium,G,VS2,61.2,59,471,4.36,4.4,2.68
1.11,Ideal,G,VS1,62.1,57,7917,6.61,6.63,4.11
1.71,Premium,G,VS1,62.3,58,17041,7.61,7.65,4.75
1.51,Ideal,G,VS2,62,56,13234,7.32,7.35,4.55
0.66,Ideal,G,SI1,61.7,55,1885,5.64,5.6,3.47
1.28,Good,G,SI1,57.6,62,6175,7.17,7.13,4.12
1.26,Ideal,G,VS1,61.6,56,9078,6.96,7.03,4.31
1.13,Premium,G,SI2,60,61,4518,6.78,6.71,4.05
0.51,Ideal,G,VS1,61,55,1781,5.21,5.11,3.15
0.5,Premium,G,VVS2,61.4,57,1909,5.16,5.1,3.15
0.43,Premium,G,VS1,62.2,59,1008,4.84,4.81,3
0.42,Ideal,G,VVS2,62.2,56,1031,4.77,4.81,2.98
0.33,Premium,G,SI2,62.6,58,557,4.42,4.4,2.76
1.51,Premium,G,VS2,61.1,58,13828,7.42,7.38,4.45
0.9,Ideal,G,SI1,60.2,56,3894,6.24,6.29,3.77
1.14,Very Good,G,SI2,59.5,59,4935,6.79,6.85,4.06
2,Very Good,G,SI1,62.5,58,18186,7.98,8.04,5.01
1.01,Very Good,G,SI1,62.7,58,5231,6.35,6.4,4
0.3,Ideal,G,IF,62,55,863,4.33,4.35,2.69
0.9,Ideal,G,SI1,62.6,56,3841,6.16,6.23,3.88
0.38,Ideal,G,VVS2,61,56,943,4.67,4.71,2.86
0.54,Ideal,G,VVS2,61.2,56,1914,5.25,5.28,3.22
0.31,Ideal,G,VS2,62.2,54,562,4.34,4.38,2.71
0.7,Fair,G,I1,64.6,59,1115,5.64,5.48,3.6
0.4,Premium,G,VVS2,62,58,1050,4.74,4.68,2.92
1.33,Ideal,G,VVS2,62.6,57,12209,7.04,6.99,4.39
0.51,Ideal,G,VVS2,61.8,56,1974,5.16,5.1,3.17
0.38,Very Good,G,VVS1,59.9,56,970,4.73,4.75,2.84
0.4,Premium,G,SI2,61.9,61,765,4.74,4.69,2.92
0.56,Ideal,G,VS2,62,56,1698,5.3,5.28,3.28
1.1,Ideal,G,SI2,62.6,56,5535,6.64,6.58,4.14
1.09,Ideal,G,I1,61,56,3549,6.62,6.66,4.05
1.11,Ideal,G,VS2,61.4,56,7443,6.65,6.7,4.1
0.31,Ideal,G,VVS1,61.9,54,789,4.38,4.41,2.72
1,Good,G,VS1,62.4,62,6177,6.33,6.37,3.96
0.3,Very Good,G,VS1,62.4,58,605,4.22,4.24,2.64
2.21,Premium,G,SI2,62.4,60,17525,8.34,8.29,5.19
1.68,Ideal,G,VS2,62.1,55,10838,7.64,7.59,4.73
0.34,Ideal,G,IF,61.4,56,974,4.5,4.53,2.77
2.11,Premium,G,SI2,61.4,62,13069,8.25,8.21,5.05
0.42,Premium,G,IF,60.2,59,1400,4.8,4.87,2.91
0.7,Ideal,G,VVS2,59.9,58,3234,5.78,5.8,3.47
1.56,Ideal,G,VS2,62.3,53,13787,7.41,7.49,4.64
0.51,Ideal,G,VS1,61.7,56,1656,5.1,5.14,3.16
0.36,Ideal,G,VS2,60.6,56,664,4.62,4.67,2.81
0.39,Premium,G,VS1,62.7,58,1024,4.69,4.63,2.92
0.98,Fair,G,SI1,64.4,56,4281,6.33,6.24,4.03
1,Premium,G,SI1,60.1,61,3634,6.44,6.4,3.86
0.31,Ideal,G,VS1,60.8,57,645,4.39,4.42,2.68
1.51,Fair,G,I1,65.6,54,4167,7.28,7.1,4.72
0.4,Ideal,G,VVS1,60.8,54,1097,4.8,4.83,2.93
1.29,Very Good,G,VS1,62.3,58,9105,6.98,7.01,4.36
1.2,Ideal,G,SI2,61.1,57,5722,6.83,6.86,4.18
0.3,Premium,G,VS2,60.6,60,675,4.34,4.3,2.62
1.11,Very Good,G,VS1,61.5,57.6,7503,6.66,6.7,4.11
1.11,Very Good,G,SI1,60.3,60,5000,6.62,6.67,4.01
0.78,Very Good,G,SI1,63.3,56,2721,5.83,5.86,3.7
0.33,Premium,G,VS1,60.5,58,666,4.43,4.49,2.7
1.31,Ideal,G,VS2,61.9,56,9085,7.08,7.05,4.37
0.31,Premium,G,VS1,62.2,56,802,4.36,4.32,2.7
0.56,Premium,G,VS1,62.4,58,1915,5.3,5.22,3.28
1.02,Ideal,G,VS1,62.1,58,6857,6.4,6.45,3.99
0.32,Ideal,G,VVS2,62,56,708,4.41,4.43,2.74
0.52,Ideal,G,VVS2,61.5,56,2012,5.2,5.18,3.19
2.22,Fair,G,SI2,64.4,58,12508,8.32,8.15,5.3
1.02,Ideal,G,VS1,62.2,57,6563,6.43,6.47,4.01
0.53,Ideal,G,VS2,61.8,56,1607,5.21,5.18,3.21
0.33,Ideal,G,VS2,62.6,57,743,4.47,4.45,2.79
1.02,Good,G,I1,57.4,59,2344,6.64,6.6,3.8
0.42,Ideal,G,SI1,62.2,53,777,4.85,4.86,3.02
0.67,Very Good,G,VVS1,62,56,3178,5.6,5.62,3.48
0.3,Good,G,SI2,63.3,57,394,4.25,4.28,2.7
0.42,Ideal,G,IF,62,57,1251,4.8,4.82,2.98
0.35,Premium,G,IF,62.2,58,1116,4.52,4.45,2.79
0.76,Very Good,G,SI1,62.6,56,2652,5.86,5.9,3.68
0.57,Ideal,G,VVS2,61.9,56,2147,5.3,5.29,3.28
0.51,Fair,G,SI1,65.2,55,1071,5.04,5.02,3.28
0.9,Premium,G,SI1,62.6,62,3669,6.08,6.06,3.8
0.26,Very Good,G,VS1,61.9,56,418,4.07,4.1,2.53
0.32,Ideal,G,VVS2,62.2,57,936,4.38,4.36,2.72
1.06,Ideal,G,SI2,62.1,58,4987,6.49,6.53,4.04
0.5,Very Good,G,SI1,62.8,61,1197,4.99,5.01,3.14
0.41,Ideal,G,VS2,62.4,54,827,4.78,4.81,2.99
0.37,Premium,G,VS2,61.3,60,649,4.6,4.63,2.83
0.72,Good,G,SI1,64,59,2074,5.63,5.59,3.59
0.53,Ideal,G,VS2,61.4,55,1615,5.23,5.26,3.22
2.01,Ideal,G,VS2,63,56,18172,8,7.93,5.02
1.61,Ideal,G,SI1,61.2,55,11192,7.57,7.62,4.65
1.31,Ideal,G,VVS1,61.9,55,13406,7.03,7.05,4.36
0.73,Ideal,G,SI1,61.4,57,3089,5.74,5.79,3.54
1.01,Very Good,G,VS1,63.5,59,6529,6.36,6.31,4.02
0.44,Ideal,G,VS2,62,55,869,4.89,4.91,3.04
0.41,Ideal,H,SI1,61.2,57,683,4.76,4.78,2.92
0.5,Very Good,H,SI1,62.9,58,1068,5.01,5.04,3.16
0.32,Premium,H,VS2,60.6,58,505,4.44,4.47,2.7
1.06,Premium,H,SI1,61,58,4984,6.57,6.61,4.02
2,Very Good,H,SI1,63.3,59,17760,8.03,7.96,5.06
1.05,Very Good,H,VS2,59,59,5370,6.68,6.71,3.95
0.33,Ideal,H,VS1,62.2,53.3,592,4.45,4.48,2.77
1.13,Premium,H,VS2,61.7,56,5728,6.73,6.65,4.13
1.76,Ideal,H,SI1,62.2,56,9974,7.73,7.7,4.8
1.02,Very Good,H,VS2,60,63,4604,6.54,6.49,3.91
2.17,Premium,H,SI1,62.3,58,13248,8.29,8.25,5.15
0.3,Good,H,VVS1,63.1,54,638,4.28,4.34,2.72
1.07,Ideal,H,VS2,62,57,5820,6.55,6.58,4.07
1.64,Very Good,H,SI2,60.7,59,9632,7.61,7.65,4.63
0.61,Very Good,H,VVS2,60.5,57,1970,5.52,5.54,3.35
0.7,Ideal,H,VS1,61,56,3185,5.75,5.79,3.51
0.46,Ideal,H,VS2,61.5,55,1252,4.98,5.01,3.07
1.14,Ideal,H,SI2,62.6,57,4150,6.71,6.65,4.18
0.64,Very Good,H,SI2,64.2,58,1292,5.43,5.48,3.5
0.33,Ideal,H,IF,61.9,55,868,4.42,4.44,2.74
1.57,Very Good,H,VS1,62.8,60,11605,7.36,7.44,4.65
1.19,Premium,H,SI2,61.9,58,4332,6.84,6.77,4.21
1.24,Premium,H,SI2,62.1,58,4854,6.92,6.88,4.28
0.71,Ideal,H,VS1,62.2,57,2559,5.66,5.73,3.54
1.12,Very Good,H,SI1,63.1,56,4673,6.62,6.59,4.17
0.35,Ideal,H,VVS1,61.5,57,1024,4.54,4.53,2.79
1.01,Very Good,H,VS1,63.5,56,4412,6.32,6.27,4
1.01,Premium,H,VS2,60.5,58,4839,6.46,6.4,3.89
1,Premium,H,SI2,61.3,58,3920,6.45,6.41,3.94
1.56,Very Good,H,VVS2,63.3,58,12098,7.3,7.35,4.64
2,Good,H,SI2,63.8,59,12554,7.93,7.88,5.04
1.1,Premium,H,VS2,61.2,58,5805,6.75,6.64,4.1
0.43,Ideal,H,SI1,62.3,56,919,4.86,4.83,3.02
1.04,Ideal,H,SI1,61.3,55,3984,6.49,6.44,3.96
0.74,Ideal,H,VVS1,62.5,55,3287,5.76,5.79,3.61
1.13,Ideal,H,VS2,62,57,6045,6.61,6.69,4.12
0.29,Very Good,H,SI2,60.7,60,404,4.33,4.37,2.64
0.3,Very Good,H,VS2,62.6,57,457,4.25,4.28,2.67
0.37,Ideal,H,SI1,61.1,55,552,4.64,4.69,2.85
1.13,Ideal,H,I1,62.2,55,3678,6.65,6.69,4.15
0.4,Ideal,H,VS1,61.1,57,815,4.74,4.78,2.91
1.09,Ideal,H,VS2,61.5,54,5732,6.64,6.65,4.09
0.3,Ideal,H,VVS1,62.2,55,665,4.3,4.32,2.68
0.91,Premium,H,VS1,61.8,54,4670,6.32,6.27,3.89
1,Good,H,SI1,62.7,60,4389,6.24,6.3,3.93
1.27,Premium,H,VS2,58.9,61,5832,7.09,7.03,4.16
1.2,Very Good,H,SI2,63.5,57,5221,6.67,6.71,4.25
1.5,Very Good,H,VS1,63.4,56,10584,7.29,7.25,4.61
1,Premium,H,I1,62.7,59,2058,6.39,6.33,3.98
0.31,Very Good,H,VS2,63,57,489,4.32,4.34,2.73
1.71,Very Good,H,SI1,59.5,59,12791,7.78,7.81,4.64
1.74,Good,H,SI1,60.6,62,12032,7.74,7.8,4.71
1.5,Ideal,H,SI2,62.4,57,9104,7.29,7.33,4.56
1.02,Premium,H,VS2,62.5,60,5217,6.38,6.43,4
1,Fair,H,SI2,65.1,58,3640,6.27,6.15,4.05
1.01,Good,H,SI1,64,58,4116,6.31,6.37,4.06
0.9,Good,H,SI2,62.7,64,2883,6.09,6,3.79
1.04,Very Good,H,SI1,62,58,5285,6.42,6.48,4
1.25,Premium,H,SI2,62.2,60,6230,6.83,6.8,4.24
0.58,Ideal,H,IF,60.2,56,2233,5.43,5.46,3.28
0.51,Good,H,SI2,56.7,60,1060,5.38,5.35,3.04
0.32,Ideal,H,IF,60.9,56,842,4.41,4.42,2.69
2,Ideal,H,VS2,62.4,55,15829,8.03,7.94,4.99
0.23,Very Good,H,VS1,59.4,61,338,4,4.05,2.39
0.32,Premium,H,VVS1,61.4,58,730,4.37,4.42,2.7
0.9,Very Good,H,VS1,62.7,57,4136,6.14,6.18,3.86
0.3,Premium,H,VS1,62,58,675,4.28,4.24,2.64
0.32,Very Good,H,SI1,62.6,55,461,4.37,4.38,2.74
0.81,Good,H,SI1,65,56,2599,5.85,5.88,3.81
0.31,Ideal,H,SI2,61.1,56,421,4.4,4.42,2.69
1.11,Very Good,H,SI2,63.2,58,4973,6.64,6.53,4.16
2,Fair,H,SI1,65.6,58,15762,7.92,7.76,5.15
0.3,Very Good,H,SI1,58.7,63,504,4.37,4.32,2.55
0.63,Premium,H,VVS1,61.3,61,2177,5.49,5.44,3.35
1.05,Very Good,H,SI2,63.8,58,4112,6.38,6.45,4.09
1,Very Good,H,VS2,60.7,60,4978,6.55,6.49,3.96
0.54,Ideal,H,SI1,61,56,1154,5.24,5.28,3.21
1.53,Premium,H,VVS2,60.4,60,12092,7.46,7.41,4.49
0.4,Very Good,H,VS2,59.1,61,737,4.81,4.84,2.85
0.32,Very Good,H,VVS2,60.2,60,645,4.45,4.48,2.69
1,Fair,H,VS1,65.4,61,4368,6.22,6.17,4.05
0.9,Premium,H,VS1,62.7,60,4234,6.12,6.07,3.82
1,Good,H,SI1,57.9,54,4469,6.68,6.62,3.85
1.5,Premium,H,VS2,60,62,11322,7.41,7.38,4.44
1.01,Very Good,H,VS2,62.5,57,4821,6.37,6.44,4
0.4,Ideal,H,VVS1,62.2,55,1017,4.7,4.75,2.94
1.7,Very Good,H,SI2,63.8,55,9745,7.47,7.55,4.79
0.9,Very Good,H,SI1,62.6,58,3447,6.08,6.12,3.82
1.15,Ideal,H,SI2,60.5,56,4315,6.83,6.8,4.13
0.42,Ideal,H,VS1,62,57,847,4.8,4.82,2.98
0.7,Premium,H,VVS2,58.8,58,2536,5.88,5.78,3.43
1.21,Premium,H,SI2,60,60,5285,6.96,6.91,4.16
2.5,Premium,H,SI2,62.4,59,15934,8.61,8.54,5.35
1.32,Very Good,H,SI1,62.8,56,7283,6.94,7,4.38
2.2,Very Good,H,VS2,63.3,58,16239,8.25,8.22,5.21
0.3,Good,H,SI1,63.4,60,432,4.23,4.25,2.69
0.31,Good,H,SI1,64,54,402,4.29,4.31,2.75
1.09,Premium,H,SI2,62.5,58,4639,6.61,6.55,4.11
0.53,Ideal,H,SI2,61.9,54,1020,5.21,5.23,3.23
0.7,Good,H,VS2,63.4,60,2394,5.59,5.61,3.55
1.21,Premium,H,SI2,62.1,56,5082,6.8,6.76,4.21
0.79,Ideal,H,VS2,62,56,2967,5.91,5.93,3.67
1.01,Premium,H,SI2,60.3,60,4638,6.49,6.47,3.91
1.05,Ideal,H,SI1,61.4,57,5095,6.49,6.54,4
0.9,Premium,H,I1,58.8,62,1599,6.32,6.26,3.7
1.01,Good,H,SI2,63.5,60,3971,6.23,6.31,3.98
1.51,Very Good,H,SI1,62.8,55,10314,7.29,7.32,4.59
0.32,Good,H,SI1,63.5,57,461,4.34,4.39,2.77
1.08,Ideal,H,SI2,62.1,56,4344,6.54,6.6,4.08
1.02,Fair,H,SI1,56.9,58,4935,6.64,6.75,3.81
0.3,Ideal,H,VS1,62.5,56,675,4.27,4.24,2.66
2,Premium,H,SI1,59.8,60,13986,8.04,8.01,4.8
0.51,Ideal,H,SI1,59.9,56,1192,5.19,5.23,3.12
1.24,Premium,H,SI1,60.2,60,6808,6.94,6.91,4.17
0.31,Ideal,H,VS1,61.6,56,698,4.36,4.34,2.68
0.9,Good,H,VS2,63.1,60,3989,6.08,6.12,3.85
1.43,Very Good,H,SI1,61.7,59,8654,7.23,7.29,4.48
0.42,Ideal,H,VS1,61.4,56,847,4.82,4.85,2.97
0.74,Very Good,H,SI2,63.1,56,2264,5.78,5.75,3.64
0.8,Very Good,H,VS1,62.7,56,3144,5.88,5.96,3.71
1.2,Ideal,H,SI1,61.3,57,6675,6.81,6.85,4.19
2,Ideal,H,SI2,59.7,57,11988,8.29,8.22,4.93
0.95,Ideal,H,SI1,61.9,56,4958,6.31,6.35,3.92
0.53,Good,H,IF,61.2,65,1440,5.16,5.27,3.19
0.35,Premium,H,VVS2,61.9,58,906,4.54,4.5,2.8
0.55,Ideal,H,VVS1,61.6,55,2303,5.26,5.29,3.25
0.31,Very Good,H,SI1,61.1,55,446,4.35,4.39,2.67
1.03,Very Good,H,SI1,61.4,57,4879,6.45,6.54,3.99
2,Good,H,SI1,63.3,59,17600,7.96,8.03,5.06
0.33,Ideal,H,VS1,61.4,57,579,4.44,4.49,2.74
0.92,Fair,H,VS1,56,60,3924,6.53,6.51,3.65
2.29,Very Good,H,SI2,63.4,57,11502,8.4,8.33,5.3
0.6,Very Good,H,VS2,64.2,57,1597,5.27,5.32,3.4
0.93,Good,H,VS1,59.1,64,3500,6.36,6.27,3.73
1.17,Ideal,H,SI2,61.4,56,5373,6.83,6.76,4.17
1.11,Ideal,H,SI1,61.6,56,5358,6.65,6.69,4.11
0.3,Ideal,H,VVS2,61.3,56,776,4.35,4.33,2.66
2.66,Good,H,SI2,63.8,57,16239,8.71,8.65,5.54
0.76,Ideal,H,SI1,61.8,56,2587,5.88,5.84,3.62
0.71,Premium,H,SI1,61,58,2006,5.73,5.77,3.51
1.14,Ideal,H,SI1,60.4,57,5861,6.78,6.83,4.11
0.31,Ideal,H,VVS1,61.5,56,907,4.38,4.34,2.68
0.3,Very Good,H,SI1,62.9,57,421,4.26,4.29,2.69
0.78,Ideal,H,VS2,61.6,56,2970,5.94,5.91,3.64
2.02,Very Good,H,SI1,59.6,59,18236,8.27,8.35,4.95
1.58,Ideal,H,VS1,60.4,57,13950,7.55,7.65,4.59
1.07,Premium,H,VS2,58.9,58,4830,6.7,6.65,3.93
1.12,Premium,H,VS1,59.6,57,5055,6.82,6.77,4.05
1.01,Good,H,SI1,60.3,64,4559,6.5,6.53,3.93
0.25,Ideal,H,VVS1,62.5,56,450,4.03,4.06,2.53
0.71,Ideal,H,SI1,61.1,57,2313,5.71,5.75,3.5
1.01,Very Good,H,VS2,62.8,59,5559,6.33,6.38,3.99
1,Premium,H,VS1,61.8,61,5169,6.4,6.31,3.93
1.02,Very Good,H,SI1,62.8,59,4348,6.33,6.38,3.99
1.03,Premium,H,SI1,60,60,4603,6.41,6.4,4.02
0.7,Very Good,H,VS2,61.8,58,2042,5.66,5.73,3.52
0.41,Ideal,H,VVS1,62.2,57,1043,4.74,4.78,2.96
0.33,Ideal,H,IF,60.6,57,959,4.51,4.5,2.73
0.32,Premium,I,VVS2,61.9,59,561,4.35,4.38,2.7
0.72,Ideal,I,VVS2,61.6,57,2602,5.73,5.76,3.54
1.5,Premium,I,SI2,62.5,61,7526,7.29,7.24,4.54
1.06,Very Good,I,SI2,61.4,56.5,4465,6.55,6.58,4.03
0.52,Very Good,I,VS1,61.4,57,1282,5.17,5.19,3.18
0.59,Very Good,I,VS2,62.4,58.4,1392,5.3,5.36,3.32
1.52,Premium,I,SI1,61.2,60,8299,7.41,7.36,4.52
2.2,Premium,I,SI2,63,59,15238,8.22,8.19,5.17
0.91,Ideal,I,SI2,61.6,57,3034,6.23,6.24,3.84
0.34,Very Good,I,SI1,59.2,61,447,4.57,4.58,2.71
2.14,Premium,I,VS2,60.7,59,17038,8.28,8.33,5.04
1.52,Ideal,I,VS1,61.4,57,9483,7.42,7.38,4.54
0.31,Ideal,I,SI1,60.8,56,436,4.38,4.41,2.67
0.41,Good,J,VS2,64.3,55,784,4.7,4.66,3.01
1.2,Very Good,J,SI2,61.8,60,4580,6.76,6.83,4.2
1.51,Very Good,J,SI1,63.1,55,8049,7.25,7.32,4.6
0.3,Ideal,J,SI1,62.3,57,367,4.27,4.3,2.67
1.54,Premium,J,SI1,61.1,58,5028,7.48,7.41,4.55
2.01,Good,J,SI1,59.6,61,11703,8.08,8.14,4.83
2.43,Premium,J,VS2,62.2,57,18692,8.63,8.54,5.34
1.2,Ideal,J,VS2,62.3,57,4927,6.82,6.75,4.23
1.18,Premium,J,SI1,62.5,55,4460,6.82,6.74,4.24
1.23,Premium,J,VVS2,61.2,57,5768,6.92,6.86,4.22
1.54,Ideal,J,VS1,62.2,59,8848,7.34,7.38,4.58
2,Very Good,J,SI1,62.2,59,12196,7.92,7.97,4.94
1.01,Very Good,J,SI1,62.2,57,4295,6.35,6.39,3.96
1.7,Good,J,VS2,64,58,8146,7.41,7.47,4.76
0.7,Premium,J,SI1,63,56,1827,5.66,5.61,3.55
1.51,Very Good,J,VVS2,60.6,58,8789,7.36,7.4,4.47
1.52,Premium,J,VS1,62.2,59,8580,7.38,7.32,4.57
1.74,Ideal,J,SI1,62.1,54,9208,7.73,7.69,4.79
1.51,Premium,J,SI1,59.4,59,6851,7.45,7.54,4.45
1.21,Premium,J,SI1,59.7,60,4574,6.93,6.9,4.13
1.14,Very Good,J,SI2,62.4,57,4470,6.66,6.7,4.17
1.53,Premium,J,VVS1,61.6,58,9155,7.37,7.4,4.55
0.51,Good,J,VS2,63.1,56,984,5.1,5.13,3.23
0.91,Fair,J,VS2,65.4,60,2854,6.04,6,3.94
1.29,Ideal,J,VVS1,61.2,56,6918,7.01,7.05,4.3
1.28,Ideal,J,VS2,62.8,57,5795,6.93,6.87,4.33
1.52,Premium,J,VS1,62.4,59,8110,7.31,7.36,4.58
0.71,Fair,J,VS2,64.4,56,1826,5.64,5.6,3.62
0.33,Premium,J,VS1,61.5,61,557,4.46,4.39,2.72
1.5,Good,J,SI1,59.1,64,6687,7.32,7.43,4.36
2.44,Very Good,J,VS2,60.1,59,16533,8.75,8.83,5.28
1.74,Premium,J,SI2,59.7,57,8690,7.88,7.8,4.68
1.61,Premium,J,VS2,61.7,59,7844,7.51,7.46,4.62
0.71,Very Good,J,VS1,63.3,57,2062,5.59,5.69,3.57
2.13,Ideal,J,VS2,62.1,55,15258,8.23,8.29,5.13
2,Premium,J,VS2,61.5,59,13675,8.11,8.06,4.97
0.71,Good,J,VS2,63.8,58,1774,5.61,5.58,3.57
0.9,Ideal,J,VS1,62.6,55,3048,6.13,6.11,3.83
2.33,Premium,J,SI1,61.1,58,11638,8.6,8.56,5.24
2.03,Ideal,J,VS1,62.5,57,14579,8.14,8.08,5.06
0.38,Ideal,J,VVS2,62,55,629,4.67,4.69,2.9
1,Ideal,J,VS1,61.1,57,4466,6.43,6.48,3.95
2.03,Very Good,J,VVS2,63.2,60,16043,7.94,7.88,5
0.63,Good,J,SI1,59.9,64,1134,5.63,5.58,3.36
0.72,Very Good,J,VS1,62.3,57,2136,5.73,5.77,3.58
0.83,Premium,J,SI1,62.8,58,2311,6,5.95,3.75
1.01,Very Good,J,VS2,63.3,54,3620,6.42,6.34,4.04
1.2,Ideal,J,SI1,62.1,55,5002,6.81,6.84,4.24
0.93,Good,J,SI1,63.7,54,2438,6.15,6.09,3.9
1.08,Ideal,J,SI2,61.8,57,3537,6.56,6.58,4.06
0.8,Premium,J,SI2,60.2,59,2022,6.07,5.95,3.62
1.51,Good,J,VS2,64,58,7062,7.27,7.24,4.64
0.91,Good,J,VS2,64.2,58,2854,6.12,6.09,3.92
2.16,Premium,J,VVS1,61.5,58,17891,8.36,8.26,5.11
0.3,Very Good,J,VS2,61.6,61,368,4.28,4.33,2.65
2.03,Premium,J,VS1,59.3,60,14588,8.36,8.28,4.93
0.75,Ideal,J,VS2,62.3,57,2025,5.84,5.81,3.63
2.15,Very Good,J,SI1,62.4,60,13622,8.18,8.24,5.12
2.38,Premium,J,SI1,62.4,58,12364,8.54,8.46,5.31
2.18,Very Good,J,SI2,62.6,58,12853,8.23,8.25,5.16
1.51,Good,J,VS2,64,58,6936,7.24,7.27,4.64
2.4,Ideal,J,SI1,62.7,57,16687,8.6,8.5,5.36
1.02,Premium,J,SI2,61.4,60,3455,6.5,6.44,3.97
1.52,Premium,J,VVS2,58.3,62,8427,7.61,7.49,4.4
1.46,Premium,J,SI2,60.1,58,6387,7.43,7.34,4.44
1.5,Premium,J,VVS2,61.5,60,8870,7.31,7.27,4.48
0.73,Ideal,J,SI1,62,55,2184,5.75,5.86,3.6
1.77,Ideal,J,SI2,62,56,7771,7.78,7.74,4.81
1.71,Ideal,J,VVS2,61.6,59,10945,7.65,7.68,4.72
1.55,Ideal,J,SI1,61.7,54,7987,7.42,7.55,4.62
1.58,Ideal,J,VVS1,61.5,56,10357,7.48,7.5,4.61
1,Ideal,J,SI2,62.1,56,3465,6.34,6.41,3.96
0.62,Fair,J,SI1,65.4,59,1101,5.39,5.28,3.49
0.7,Ideal,J,VS2,61.9,57,1974,5.65,5.69,3.51
0.4,Good,J,VS1,63.4,58,631,4.61,4.64,2.93
1.5,Ideal,J,SI1,59.4,62,6745,7.38,7.35,4.38
0.7,Very Good,J,VVS2,63.2,55,1968,5.63,5.57,3.54
1.1,Ideal,J,SI1,61.5,55,4390,6.65,6.68,4.1
0.61,Ideal,J,VVS1,60.9,56,1692,5.45,5.51,3.34
1.02,Very Good,J,SI1,61.4,58,4137,6.47,6.5,3.98
1.11,Ideal,J,SI1,62.4,57,4497,6.57,6.6,4.11
2.01,Very Good,J,VS2,62.1,60,12683,7.88,8,4.93
0.4,Ideal,J,VS2,62.6,57,599,4.68,4.71,2.94
1.24,Ideal,J,VS2,61.7,55,5412,6.91,6.96,4.28
1.56,Ideal,J,SI1,61.8,57,6727,7.44,7.39,4.58
0.4,Ideal,J,VS1,62.6,55,631,4.71,4.75,2.96
0.35,Very Good,J,SI1,63.3,56,526,4.53,4.5,2.86
1.08,Good,J,SI2,63.2,59,3742,6.4,6.57,4.1
0.4,Ideal,J,VS1,60.4,56,641,4.77,4.8,2.89
0.7,Premium,J,VS1,60.9,58,2005,5.73,5.66,3.47
1.03,Premium,J,VS1,61.8,58,3957,6.51,6.41,3.99
0.4,Good,J,VS1,63.5,56,589,4.69,4.7,2.98
1.56,Good,J,VS2,62.3,64,8107,7.41,7.36,4.6
1.53,Ideal,J,VS2,61.4,58,7550,7.35,7.43,4.54
1.6,Ideal,J,VS1,62.1,57,8904,7.46,7.54,4.66
0.41,Ideal,J,VS1,60.2,57,647,4.81,4.85,2.91
2.46,Ideal,J,SI2,62.3,57,16466,8.66,8.57,5.37
0.54,Ideal,J,VVS1,62.2,54,1239,5.23,5.25,3.26
0.39,Very Good,J,VVS1,61.8,56,718,4.64,4.71,2.89
1.55,Premium,J,SI2,62.6,57,6890,7.37,7.32,4.6
1.73,Ideal,J,SI1,62.6,57,6927,7.69,7.65,4.8
1.07,Ideal,J,VS2,61.6,56.3,4602,6.55,6.59,4.04
1.28,Premium,J,SI2,62.3,58,4553,6.89,6.94,4.31
0.55,Very Good,J,VS2,62.6,57,1062,5.17,5.21,3.25
1.31,Premium,J,SI1,59.6,59,5876,7.16,7.13,4.26
2.01,Ideal,J,SI2,60.8,57,13253,8.15,8.13,4.95
1.29,Premium,J,VS2,60.5,58,5815,7.07,6.99,4.25
1.51,Ideal,J,VS2,62,56,8217,7.3,7.34,4.54
1.21,Ideal,J,VS1,62.3,55,5421,6.86,6.81,4.26
0.92,Premium,J,SI1,62.9,58,2858,6.22,6.18,3.9
0.3,Good,J,SI1,63.8,56,351,4.23,4.26,2.71
1.05,Premium,J,VS1,62.7,61,3822,6.58,6.49,4.09
1.51,Very Good,J,VS2,61,58,7744,7.35,7.41,4.5
0.76,Good,J,VS1,62.6,61.9,2015,5.7,5.75,3.58
0.3,Premium,J,VS2,60.6,59,473,4.38,4.34,2.64
0.71,Premium,J,SI2,60.7,59,1609,5.75,5.71,3.48
0.41,Ideal,J,VS1,62.2,55,604,4.76,4.79,2.97
1.53,Premium,J,VVS1,61.6,58,9322,7.4,7.37,4.55
1,Fair,J,SI1,64.7,52,3780,6.35,6.3,4.09
0.9,Very Good,J,VS1,62.5,56,3188,6.11,6.21,3.85
1.7,Ideal,J,VS2,60.5,58,10002,7.73,7.74,4.68
1.6,Premium,J,SI1,62.2,58,7550,7.48,7.54,4.67
0.85,Premium,J,VS2,60.7,58,2295,6.12,6.08,3.71
0.72,Ideal,J,VVS1,62.5,56,2249,5.71,5.74,3.58
1.59,Premium,J,SI1,62.5,60,7836,7.46,7.42,4.65
1.11,Ideal,J,SI2,62.6,54,4101,6.61,6.64,4.15
1.21,Premium,J,VS1,59.5,60,5556,6.99,6.9,4.13
1.54,Premium,J,VS1,60.9,61,6194,7.49,7.45,4.55
1.56,Very Good,J,SI2,62,57,6662,7.37,7.44,4.59
2.04,Very Good,J,SI2,61.7,57,11276,8.1,8.13,5.01
